,Gender,Age,Marital_status,Employees_status,Referal,Amount_spent,AgeCategory,AmountSpentCategory
0,0,19.0,1,4,1.0,2051.36,2,3
1,1,49.0,1,3,0.0,544.04,2,1
2,1,63.0,0,2,1.0,1572.6,3,3
3,0,18.0,1,2,1.0,1199.79,2,2
4,1,27.0,1,3,0.0,1418.4225770925111,2,2
5,1,71.0,1,1,1.0,2922.66,3,3
6,0,34.0,0,1,1.0,1481.42,2,2
7,1,37.0,0,2,1.0,1149.55,2,2
8,1,75.0,0,1,0.0,1046.2,3,2
9,0,41.0,0,4,1.0,2730.6,2,3
10,0,56.0,0,1,0.0,1712.82,2,3
11,0,63.0,0,2,1.0,154.31,3,1
12,0,60.0,0,3,1.0,819.08,3,1
13,1,47.0,1,1,1.0,1719.83,2,3
14,1,24.0,0,3,1.0,954.12,2,1
15,1,16.0,1,2,1.0,1005.92,1,1
16,0,72.0,0,3,1.0,2882.77,3,3
17,0,77.0,0,2,0.0,2999.98,3,3
18,1,42.0,0,3,0.0,1902.73,2,3
19,0,46.0,0,1,1.0,2968.95,2,3
20,0,19.0,0,2,0.0,1418.4225770925111,2,2
21,1,42.0,0,2,0.0,995.77,2,1
22,0,50.0,0,2,0.0,719.13,2,1
23,1,47.0,1,3,1.0,2407.36,2,3
24,0,32.0,1,1,0.0,2737.41,2,3
25,1,25.0,0,3,1.0,1514.75,2,2
26,1,33.0,0,3,1.0,293.58,2,1
27,1,61.0,0,2,1.0,1094.67,3,2
28,1,75.0,0,3,1.0,233.05,3,1
29,0,62.0,0,1,1.0,1418.4225770925111,3,2
30,1,17.0,0,1,1.0,1418.4225770925111,1,2
31,0,21.0,1,1,0.0,2035.07,2,3
32,1,39.0,1,1,0.0,128.29,2,1
33,1,15.0,0,3,1.0,628.93,1,1
34,0,59.0,0,1,0.0,1729.36,2,3
35,1,70.0,0,2,1.0,2040.29,3,3
36,1,75.0,0,1,1.0,2744.88,3,3
37,1,64.0,0,1,1.0,351.88,3,1
38,0,64.0,0,4,0.0,692.14,3,1
39,1,64.0,0,4,1.0,2418.62,3,3
40,0,21.0,0,2,0.0,2734.15,2,3
41,0,46.0,0,2,1.0,2851.83,2,3
42,0,16.0,1,3,1.0,938.16,1,1
43,0,63.0,0,2,1.0,281.92,3,1
44,1,75.0,1,1,1.0,747.68,3,1
45,1,70.0,0,4,1.0,1784.15,3,3
46,1,41.0,1,1,1.0,1115.9,2,2
47,1,33.0,0,1,0.0,1902.47,2,3
48,0,64.0,1,3,1.0,1949.92,3,3
49,0,73.0,0,4,0.0,1418.4225770925111,3,2
50,0,16.0,0,1,1.0,583.72,1,1
51,1,56.0,1,3,0.0,2445.03,2,3
52,1,35.0,0,4,1.0,1107.96,2,2
53,1,51.0,1,3,1.0,1312.78,2,2
54,1,15.0,0,1,1.0,2690.18,1,3
55,1,26.0,1,2,1.0,2603.22,2,3
56,0,67.0,1,1,1.0,611.7,3,1
57,1,71.0,1,1,1.0,2569.67,3,3
58,0,32.0,1,1,0.6521001272804412,676.7,2,1
59,1,73.0,0,1,0.0,1397.09,3,2
60,1,55.0,0,1,1.0,1277.64,2,2
61,0,72.0,0,4,0.6521001272804412,515.77,3,1
62,1,15.0,0,3,1.0,790.1,1,1
63,0,63.0,1,1,1.0,1218.56,3,2
69,1,52.0,0,3,1.0,2850.48,2,3
70,0,30.0,1,2,0.0,1947.2,2,3
71,1,24.0,0,2,0.0,1731.54,2,3
72,0,37.0,1,4,1.0,52.08,2,1
73,1,53.0,0,1,0.0,1418.4225770925111,2,2
74,1,21.0,0,1,0.6521001272804412,340.38,2,1
75,1,24.0,0,2,1.0,1663.72,2,3
76,0,48.0,0,4,1.0,828.41,2,1
77,0,69.0,1,2,0.6521001272804412,489.47,3,1
78,0,73.0,0,3,0.0,1364.31,3,2
79,1,50.0,1,1,1.0,2943.46,2,3
80,1,28.0,1,4,1.0,2768.15,2,3
81,0,49.0,0,2,1.0,2439.65,2,3
82,0,70.0,0,2,1.0,574.1,3,1
83,0,61.0,1,3,0.0,206.79,3,1
84,0,21.0,0,3,0.0,1418.4225770925111,2,2
85,1,34.0,1,2,1.0,1933.66,2,3
86,0,58.0,0,2,0.0,2640.72,2,3
87,1,70.0,1,2,0.0,2969.24,3,3
88,0,48.0,0,1,0.0,1144.28,2,2
89,0,43.0,0,3,1.0,1418.4225770925111,2,2
90,0,51.0,0,2,1.0,2722.37,2,3
91,1,45.0,1,1,0.0,2823.89,2,3
92,0,45.0,1,2,0.0,1955.43,2,3
93,1,60.0,0,1,1.0,841.26,3,1
94,0,41.0,1,3,1.0,1418.4225770925111,2,2
95,0,51.0,1,2,1.0,2547.96,2,3
96,0,15.0,1,4,1.0,2922.97,1,3
97,1,55.0,0,1,0.0,803.5,2,1
98,1,75.0,0,1,1.0,1612.63,3,3
99,0,77.0,1,1,1.0,1608.27,3,3
100,0,22.0,0,2,0.0,2061.14,2,3
101,0,33.0,0,1,0.0,2989.33,2,3
102,1,60.0,0,4,1.0,433.2,3,1
103,0,45.0,0,2,1.0,929.89,2,1
104,1,33.0,1,2,0.0,2560.26,2,3
105,1,24.0,0,4,0.0,1418.4225770925111,2,2
106,0,53.0,1,3,1.0,1888.69,2,3
107,0,70.0,0,1,1.0,685.49,3,1
108,1,16.0,0,2,1.0,1264.73,1,2
116,1,50.0,0,2,1.0,1418.4225770925111,2,2
117,0,25.0,0,2,1.0,309.82,2,1
118,0,76.0,1,3,1.0,1331.62,3,2
119,0,43.0,0,1,1.0,914.94,2,1
120,0,32.0,1,2,1.0,2922.53,2,3
121,1,43.0,0,3,0.0,2434.81,2,3
122,0,19.0,1,2,0.0,1711.6,2,3
123,0,41.0,0,3,0.0,1178.02,2,2
124,1,32.0,0,1,1.0,15.37,2,1
125,1,76.0,1,4,1.0,764.34,3,1
126,0,55.0,0,1,1.0,329.18,2,1
127,0,72.0,1,4,0.0,1380.0,3,2
128,1,56.0,1,3,1.0,46.72,2,1
129,1,74.0,1,2,1.0,560.13,3,1
130,0,34.0,0,2,1.0,1418.4225770925111,2,2
131,0,54.0,0,4,0.6521001272804412,1034.15,2,2
132,0,31.0,0,3,1.0,2508.55,2,3
133,0,69.0,1,3,1.0,2906.08,3,3
134,1,52.0,1,4,1.0,1093.33,2,2
135,0,15.0,0,3,0.0,1408.1,1,2
136,1,74.0,1,2,0.0,490.37,3,1
137,0,68.0,1,1,1.0,1418.4225770925111,3,2
138,1,24.0,0,1,0.0,1204.03,2,2
139,0,77.0,1,3,0.0,200.58,3,1
140,0,16.0,0,2,0.0,1253.32,1,2
141,0,33.0,1,1,0.0,1486.32,2,2
142,1,26.0,0,4,0.0,1461.49,2,2
143,1,28.0,1,2,1.0,1893.16,2,3
144,0,49.0,0,1,1.0,1321.7,2,2
145,1,52.0,0,2,0.0,861.26,2,1
146,1,18.0,1,1,0.0,459.47,2,1
147,1,71.0,1,2,0.0,685.01,3,1
148,1,22.0,0,2,0.0,1862.93,2,3
149,0,54.0,0,4,1.0,2831.72,2,3
150,0,77.0,0,2,1.0,875.44,3,1
151,1,59.0,0,1,1.0,435.79,2,1
152,1,61.0,0,3,1.0,670.59,3,1
153,0,45.0,0,1,0.0,2497.39,2,3
154,1,39.0,0,2,1.0,93.11,2,1
155,1,16.0,0,1,1.0,2497.12,1,3
156,0,28.0,1,1,1.0,1733.65,2,3
157,1,25.0,0,1,1.0,2746.61,2,3
158,0,42.0,0,1,1.0,2789.59,2,3
159,0,28.0,0,1,1.0,1287.31,2,2
160,1,63.0,0,1,1.0,1747.91,3,3
161,1,46.0,1,2,0.6521001272804412,214.92,2,1
162,0,78.0,1,1,0.0,2555.05,3,3
163,0,75.0,0,3,1.0,1319.12,3,2
164,0,64.0,0,1,1.0,1581.77,3,3
165,0,28.0,1,2,1.0,2422.79,2,3
166,0,42.0,1,1,1.0,971.01,2,1
167,0,66.0,0,1,1.0,783.89,3,1
168,0,62.0,0,4,1.0,503.49,3,1
169,1,15.0,0,1,1.0,1790.9,1,3
170,1,76.0,0,2,1.0,1832.59,3,3
171,0,53.0,0,3,0.0,71.73,2,1
172,1,39.0,0,1,1.0,2486.94,2,3
173,0,58.0,0,1,1.0,520.69,2,1
174,0,30.0,0,1,1.0,918.51,2,1
175,0,17.0,1,3,1.0,1070.97,1,2
176,0,40.0,0,3,1.0,1089.97,2,2
177,0,20.0,0,3,1.0,1618.44,2,3
178,1,46.0,0,4,1.0,2417.73,2,3
179,0,36.0,1,1,1.0,677.36,2,1
180,0,20.0,0,2,0.6521001272804412,2694.2,2,3
181,0,20.0,1,1,0.0,922.31,2,1
182,0,30.0,0,2,1.0,350.68,2,1
183,1,40.0,0,2,1.0,1152.11,2,2
184,1,45.0,1,1,1.0,1742.52,2,3
185,0,17.0,1,1,1.0,655.42,1,1
186,0,40.0,0,2,0.0,1977.22,2,3
187,0,47.0,0,2,0.0,1829.32,2,3
188,1,37.0,0,1,0.6521001272804412,782.67,2,1
189,0,55.0,1,3,1.0,1418.4225770925111,2,2
190,0,25.0,1,4,1.0,2740.57,2,3
191,0,32.0,1,2,1.0,215.16,2,1
192,0,17.0,0,4,1.0,1277.84,1,2
193,1,47.0,1,1,0.6521001272804412,1500.59,2,2
194,0,62.0,0,1,0.0,103.59,3,1
195,1,33.0,0,1,1.0,1064.87,2,2
196,0,72.0,0,3,0.6521001272804412,89.91,3,1
197,1,43.0,0,1,0.0,2903.96,2,3
198,0,34.0,0,2,0.0,1493.1,2,2
199,0,49.0,0,1,0.0,2562.52,2,3
200,1,25.0,1,2,1.0,1418.4225770925111,2,2
201,0,19.0,0,2,0.6521001272804412,1003.62,2,1
202,1,47.0,1,4,1.0,234.19,2,1
203,0,15.0,0,1,1.0,2089.53,1,3
204,1,66.0,0,2,1.0,2698.5,3,3
205,0,37.0,0,1,1.0,1418.4225770925111,2,2
206,1,62.0,1,1,0.0,69.84,3,1
207,0,67.0,1,1,1.0,2562.33,3,3
208,1,21.0,1,2,1.0,2635.13,2,3
209,1,75.0,1,4,1.0,1418.4225770925111,3,2
210,1,17.0,0,1,1.0,1092.95,1,2
211,0,62.0,0,3,1.0,1418.4225770925111,3,2
212,0,15.0,1,2,1.0,1038.55,1,2
213,1,64.0,1,4,1.0,2590.51,3,3
214,1,54.0,1,1,1.0,1659.73,2,3
215,0,45.0,1,1,1.0,968.41,2,1
216,0,43.0,0,2,0.0,705.68,2,1
217,1,26.0,0,1,0.0,982.4,2,1
218,1,17.0,1,3,1.0,1390.46,1,2
219,1,78.0,0,2,0.0,378.43,3,1
220,0,65.0,0,1,1.0,61.35,3,1
221,1,19.0,1,4,1.0,1081.9,2,2
222,1,65.0,0,1,1.0,1418.4225770925111,3,2
223,0,35.0,1,2,0.0,2878.76,2,3
224,0,41.0,0,1,1.0,225.14,2,1
225,1,59.0,1,2,1.0,2452.97,2,3
226,0,64.0,0,2,1.0,2054.68,3,3
227,0,15.0,1,3,1.0,1690.62,1,3
228,0,58.0,0,1,0.6521001272804412,931.82,2,1
229,1,62.0,0,1,1.0,2875.62,3,3
230,1,41.0,1,1,1.0,1326.62,2,2
231,0,62.0,0,1,1.0,2909.85,3,3
232,0,18.0,1,2,1.0,2493.01,2,3
233,1,63.0,0,3,1.0,414.51,3,1
234,0,71.0,0,2,1.0,1865.09,3,3
235,0,38.0,0,3,0.0,1418.4225770925111,2,2
236,0,51.0,0,2,1.0,1165.53,2,2
237,1,76.0,1,1,1.0,1418.4225770925111,3,2
238,0,78.0,1,1,1.0,1264.81,3,2
239,1,70.0,0,1,1.0,1989.96,3,3
240,0,59.0,1,2,0.0,1418.4225770925111,2,2
241,1,16.0,0,3,1.0,387.77,1,1
242,0,18.0,1,4,1.0,2589.36,2,3
243,0,53.0,1,2,0.0,1494.1,2,2
244,0,47.0,1,2,1.0,2779.66,2,3
245,1,57.0,0,4,1.0,841.23,2,1
246,0,47.0,0,2,1.0,1418.4225770925111,2,2
247,1,19.0,0,2,1.0,2694.54,2,3
248,1,64.0,1,1,0.0,2432.67,3,3
249,1,57.0,1,3,1.0,80.64,2,1
250,0,67.0,0,2,1.0,2960.41,3,3
251,0,53.0,0,2,0.0,2600.69,2,3
252,0,68.0,0,1,1.0,550.44,3,1
253,0,44.0,1,1,0.6521001272804412,1226.06,2,2
254,0,78.0,0,1,0.6521001272804412,2959.54,3,3
255,0,76.0,1,1,1.0,1672.01,3,3
256,0,60.0,1,3,1.0,1891.16,3,3
257,0,45.0,0,2,1.0,1692.07,2,3
258,1,54.0,1,3,1.0,485.43,2,1
259,0,57.0,1,4,1.0,625.29,2,1
260,1,48.0,1,3,1.0,1471.54,2,2
261,0,62.0,0,3,0.0,1200.69,3,2
262,1,27.0,1,1,1.0,1929.33,2,3
263,0,66.0,0,2,1.0,1418.4225770925111,3,2
264,1,57.0,0,1,1.0,2670.72,2,3
265,0,46.0,0,1,1.0,1418.4225770925111,2,2
266,1,34.0,0,3,0.0,1901.16,2,3
267,0,48.0,0,2,0.0,1728.06,2,3
268,0,46.63765182186235,0,4,1.0,2863.62,2,3
269,0,49.0,1,2,1.0,1822.31,2,3
270,0,77.0,1,3,0.0,711.52,3,1
271,1,58.0,0,2,0.0,1418.4225770925111,2,2
272,1,28.0,0,2,0.0,1418.4225770925111,2,2
273,0,15.0,0,3,1.0,198.48,1,1
274,0,58.0,0,2,1.0,418.28,2,1
275,1,27.0,1,2,0.0,913.81,2,1
276,0,64.0,0,3,0.0,1418.4225770925111,3,2
277,0,36.0,0,1,0.0,1608.01,2,3
278,1,43.0,0,4,1.0,2681.13,2,3
279,0,46.63765182186235,0,3,1.0,2414.29,2,3
280,0,59.0,0,1,0.0,2410.23,2,3
281,0,73.0,0,2,1.0,63.2,3,1
282,0,32.0,0,4,0.6521001272804412,522.24,2,1
283,0,51.0,0,2,1.0,2558.27,2,3
284,0,51.0,0,3,1.0,603.47,2,1
285,0,45.0,1,1,0.0,2790.3,2,3
286,0,50.0,0,1,1.0,801.07,2,1
287,0,56.0,0,1,1.0,250.81,2,1
288,0,74.0,0,2,1.0,2076.39,3,3
289,0,49.0,0,2,0.6521001272804412,2692.4,2,3
290,1,22.0,1,1,1.0,2928.57,2,3
291,0,71.0,1,1,1.0,1707.96,3,3
292,1,59.0,0,3,1.0,2501.05,2,3
293,0,46.0,0,1,1.0,1757.27,2,3
294,1,47.0,1,2,1.0,1994.46,2,3
295,0,46.63765182186235,1,2,0.0,1925.0,2,3
296,1,56.0,1,2,1.0,1600.96,2,3
297,0,55.0,0,3,1.0,2773.68,2,3
298,1,43.0,1,3,1.0,2749.66,2,3
299,1,61.0,0,1,1.0,1418.4225770925111,3,2
300,0,37.0,1,2,1.0,1733.91,2,3
301,1,39.0,1,1,0.0,329.2,2,1
302,0,73.0,0,4,1.0,2787.95,3,3
303,1,48.0,0,2,1.0,910.97,2,1
304,0,78.0,1,2,0.0,7.44,3,1
305,1,53.0,1,1,1.0,1342.22,2,2
306,1,46.0,0,1,1.0,1418.4225770925111,2,2
307,0,55.0,0,1,1.0,2084.64,2,3
308,0,63.0,1,2,0.0,945.7,3,1
309,0,15.0,1,1,0.0,1380.2,1,2
310,1,57.0,1,4,0.0,663.43,2,1
311,0,50.0,0,3,0.6521001272804412,1394.19,2,2
312,0,37.0,1,1,0.0,638.49,2,1
313,1,28.0,1,1,0.0,1834.95,2,3
314,1,18.0,0,4,1.0,1835.84,2,3
315,0,35.0,1,2,1.0,1884.42,2,3
316,0,70.0,0,1,1.0,1176.71,3,2
317,0,50.0,0,1,0.0,53.82,2,1
318,0,54.0,0,2,0.0,982.39,2,1
319,0,48.0,0,2,1.0,1690.7,2,3
320,0,68.0,0,2,0.0,1418.4225770925111,3,2
321,0,30.0,0,1,1.0,2703.18,2,3
322,0,38.0,0,1,0.0,281.95,2,1
323,1,32.0,0,3,1.0,338.98,2,1
324,1,67.0,0,2,0.0,883.97,3,1
325,0,58.0,0,1,1.0,2861.87,2,3
326,1,31.0,0,4,1.0,975.49,2,1
327,1,42.0,1,2,1.0,421.83,2,1
328,1,62.0,0,1,1.0,588.88,3,1
329,1,54.0,1,1,0.0,2463.7,2,3
330,1,66.0,1,2,0.0,639.44,3,1
331,0,43.0,1,2,0.0,52.2,2,1
332,0,37.0,0,1,0.0,1418.4225770925111,2,2
333,0,40.0,0,1,0.0,2092.27,2,3
334,1,54.0,1,4,1.0,1418.4225770925111,2,2
335,0,42.0,0,1,1.0,2969.97,2,3
336,1,70.0,0,3,0.0,492.4,3,1
337,0,42.0,0,2,1.0,131.92,2,1
338,1,22.0,0,1,1.0,2621.53,2,3
339,0,17.0,0,1,0.0,2062.18,1,3
340,1,46.63765182186235,1,2,0.0,930.13,2,1
341,1,54.0,0,1,1.0,877.61,2,1
342,0,55.0,0,1,0.0,2491.79,2,3
343,0,30.0,0,3,1.0,2660.45,2,3
344,1,61.0,1,1,0.0,2910.02,3,3
345,1,48.0,0,3,1.0,2929.12,2,3
346,0,42.0,0,4,0.0,1095.86,2,2
347,0,54.0,0,1,0.6521001272804412,692.54,2,1
348,1,31.0,1,4,1.0,138.0,2,1
349,0,78.0,0,1,0.0,2557.47,3,3
350,1,54.0,0,4,0.6521001272804412,363.87,2,1
351,0,37.0,1,4,1.0,1888.32,2,3
352,0,49.0,1,4,0.0,1664.69,2,3
353,1,72.0,0,2,1.0,118.72,3,1
354,0,74.0,0,1,1.0,2679.12,3,3
355,1,68.0,0,1,0.6521001272804412,851.48,3,1
356,0,18.0,1,1,1.0,1725.46,2,3
357,1,65.0,0,3,1.0,977.77,3,1
358,0,56.0,1,3,1.0,2585.48,2,3
359,1,50.0,0,1,1.0,2000.87,2,3
360,0,70.0,0,3,1.0,692.48,3,1
361,1,40.0,1,2,0.0,1418.4225770925111,2,2
362,0,54.0,0,1,1.0,1465.74,2,2
363,1,31.0,0,2,0.0,417.24,2,1
364,1,63.0,1,1,1.0,2707.84,3,3
365,0,26.0,1,1,1.0,2043.82,2,3
366,0,15.0,1,2,1.0,1418.4225770925111,1,2
367,0,50.0,1,1,0.0,140.97,2,1
368,1,70.0,1,1,1.0,1559.0,3,3
369,1,75.0,0,2,0.0,2935.68,3,3
370,1,25.0,1,1,1.0,1432.66,2,2
371,0,57.0,0,3,0.0,151.83,2,1
372,1,42.0,1,2,1.0,446.72,2,1
373,1,54.0,0,4,1.0,1264.38,2,2
374,1,50.0,0,2,0.0,1935.65,2,3
375,0,39.0,1,1,0.0,1795.28,2,3
376,1,52.0,1,3,1.0,993.37,2,1
377,0,53.0,0,1,0.0,1317.05,2,2
378,1,44.0,1,1,1.0,1557.57,2,3
379,0,31.0,1,3,1.0,1418.4225770925111,2,2
380,1,25.0,1,4,0.0,1418.4225770925111,2,2
381,0,67.0,0,1,1.0,2016.3,3,3
382,1,59.0,1,1,0.0,1418.4225770925111,2,2
383,0,64.0,1,4,1.0,788.82,3,1
384,1,47.0,0,2,1.0,1239.29,2,2
385,1,43.0,1,1,0.0,2450.0,2,3
386,0,40.0,0,1,1.0,1787.8,2,3
387,0,31.0,1,1,1.0,2870.8,2,3
388,0,51.0,1,3,1.0,979.14,2,1
389,1,26.0,1,1,1.0,1521.48,2,2
390,1,28.0,0,1,1.0,2673.29,2,3
391,1,67.0,0,2,1.0,198.04,3,1
392,1,56.0,0,2,1.0,288.93,2,1
393,0,65.0,0,3,1.0,2564.8,3,3
394,0,24.0,0,2,1.0,147.79,2,1
395,1,66.0,1,2,0.6521001272804412,488.21,3,1
396,0,26.0,0,4,1.0,376.84,2,1
397,1,68.0,0,3,0.0,2437.16,3,3
398,1,61.0,1,1,1.0,2966.93,3,3
399,0,39.0,1,3,0.6521001272804412,2712.31,2,3
400,0,60.0,1,1,1.0,1418.4225770925111,3,2
401,0,51.0,1,1,0.0,1160.61,2,2
402,1,32.0,1,2,1.0,408.35,2,1
403,0,78.0,0,2,1.0,1418.4225770925111,3,2
404,1,60.0,0,2,0.0,1675.8,3,3
405,1,42.0,0,2,1.0,2618.52,2,3
406,1,48.0,0,4,1.0,2656.04,2,3
407,0,27.0,0,1,1.0,861.86,2,1
408,1,36.0,0,1,1.0,1447.65,2,2
409,1,54.0,1,1,1.0,2936.96,2,3
410,0,61.0,0,1,0.0,70.0,3,1
411,0,28.0,0,4,1.0,1575.98,2,3
412,1,30.0,0,1,0.0,2825.66,2,3
413,0,40.0,0,2,0.6521001272804412,1418.4225770925111,2,2
414,0,37.0,1,3,1.0,1418.4225770925111,2,2
415,1,70.0,1,3,0.0,672.2,3,1
416,1,65.0,0,4,0.0,1556.9,3,3
417,1,46.0,1,2,1.0,858.76,2,1
418,0,46.0,0,1,1.0,2035.45,2,3
419,0,24.0,1,1,1.0,2899.42,2,3
420,0,67.0,0,1,0.6521001272804412,1305.22,3,2
421,0,72.0,1,2,0.0,1680.73,3,3
422,1,19.0,1,3,1.0,1401.18,2,2
423,1,51.0,0,1,0.6521001272804412,1318.86,2,2
424,0,30.0,0,1,1.0,28.27,2,1
425,0,20.0,0,3,0.0,1350.76,2,2
426,1,64.0,1,4,1.0,889.38,3,1
427,0,71.0,0,1,1.0,2883.69,3,3
428,1,50.0,0,2,1.0,1623.72,2,3
429,0,63.0,1,2,1.0,2619.18,3,3
430,0,32.0,0,3,0.0,1233.36,2,2
431,0,26.0,0,4,1.0,1418.4225770925111,2,2
432,0,65.0,0,1,1.0,1134.46,3,2
433,0,63.0,1,1,1.0,958.83,3,1
434,1,38.0,1,4,1.0,1526.24,2,2
435,0,48.0,0,1,0.0,1310.51,2,2
436,1,55.0,0,2,1.0,392.63,2,1
437,0,44.0,0,1,1.0,1217.31,2,2
438,1,43.0,1,3,1.0,1418.4225770925111,2,2
439,1,65.0,1,3,1.0,2469.58,3,3
440,1,72.0,0,1,0.0,602.97,3,1
441,1,50.0,0,1,1.0,2083.16,2,3
442,0,42.0,1,2,0.0,1582.94,2,3
443,1,44.0,0,2,0.0,575.17,2,1
444,0,39.0,0,2,1.0,1913.57,2,3
445,0,42.0,1,1,0.0,1519.64,2,2
446,0,52.0,1,1,1.0,809.64,2,1
447,1,60.0,0,1,0.0,176.49,3,1
448,1,49.0,0,1,1.0,1154.13,2,2
449,0,41.0,1,1,1.0,218.64,2,1
450,0,46.63765182186235,1,2,0.0,903.79,2,1
451,0,27.0,1,1,0.0,1418.4225770925111,2,2
452,1,54.0,0,1,1.0,682.48,2,1
453,0,52.0,0,2,0.6521001272804412,1411.92,2,2
454,0,65.0,1,2,0.0,2520.85,3,3
455,1,44.0,1,1,1.0,977.74,2,1
456,1,24.0,0,1,0.6521001272804412,2590.37,2,3
457,0,29.0,0,3,1.0,2966.21,2,3
458,1,68.0,0,1,0.0,141.03,3,1
459,0,66.0,0,1,0.0,502.91,3,1
460,1,31.0,0,2,1.0,1371.52,2,2
461,1,77.0,1,3,1.0,853.19,3,1
462,0,33.0,0,2,0.0,1887.78,2,3
463,1,20.0,0,1,1.0,2862.92,2,3
464,0,36.0,1,1,1.0,2558.0,2,3
465,0,18.0,0,2,0.0,1440.43,2,2
466,0,53.0,0,1,1.0,895.47,2,1
467,1,17.0,1,4,0.0,2061.81,1,3
468,0,49.0,1,4,0.6521001272804412,1057.45,2,2
469,0,32.0,0,1,1.0,333.86,2,1
470,1,59.0,0,1,0.0,1418.4225770925111,2,2
471,1,43.0,0,3,0.0,1734.3,2,3
472,0,60.0,1,2,0.0,1870.31,3,3
473,0,42.0,1,3,1.0,2763.73,2,3
474,1,24.0,0,1,1.0,904.22,2,1
475,0,71.0,1,1,1.0,838.78,3,1
476,0,22.0,1,2,1.0,2656.59,2,3
477,1,42.0,0,3,1.0,717.16,2,1
478,1,71.0,1,3,1.0,187.04,3,1
479,1,38.0,0,4,0.0,1124.36,2,2
480,0,64.0,1,2,1.0,35.65,3,1
481,1,71.0,0,2,1.0,2526.89,3,3
482,1,40.0,1,2,1.0,2544.75,2,3
483,1,43.0,1,2,0.0,1430.28,2,2
484,0,36.0,0,2,0.0,1648.55,2,3
485,1,65.0,0,3,1.0,2998.62,3,3
486,0,76.0,0,1,0.0,1455.74,3,2
487,0,15.0,0,1,0.0,1194.19,1,2
488,0,37.0,0,2,1.0,2455.62,2,3
489,1,52.0,0,3,0.0,2559.47,2,3
490,1,30.0,1,2,1.0,832.12,2,1
491,1,46.0,0,4,0.0,1418.4225770925111,2,2
492,0,16.0,1,2,0.0,241.48,1,1
493,0,72.0,0,3,1.0,1418.4225770925111,3,2
494,1,37.0,0,3,1.0,1701.43,2,3
495,0,70.0,0,2,1.0,2910.99,3,3
496,1,26.0,0,2,0.0,2091.42,2,3
497,1,16.0,0,2,1.0,2879.28,1,3
498,1,53.0,0,3,0.6521001272804412,1181.46,2,2
499,0,40.0,1,2,1.0,1418.4225770925111,2,2
500,0,30.0,0,1,0.0,400.91,2,1
501,1,38.0,0,2,1.0,2978.21,2,3
502,1,33.0,0,3,1.0,1544.59,2,3
503,0,26.0,1,3,1.0,1134.36,2,2
504,0,49.0,1,1,1.0,2946.34,2,3
505,0,30.0,0,1,1.0,603.13,2,1
506,0,76.0,0,2,1.0,623.83,3,1
507,0,26.0,1,4,0.0,880.27,2,1
508,0,55.0,0,1,1.0,1418.4225770925111,2,2
509,1,70.0,0,1,1.0,1418.4225770925111,3,2
510,0,60.0,1,2,1.0,374.63,3,1
511,0,66.0,0,2,0.0,1418.4225770925111,3,2
512,1,30.0,0,2,1.0,20.77,2,1
513,0,78.0,1,2,0.0,1418.4225770925111,3,2
514,0,72.0,0,3,1.0,600.17,3,1
515,0,41.0,0,1,1.0,867.63,2,1
516,0,34.0,0,1,1.0,962.6,2,1
517,1,26.0,0,1,1.0,1949.59,2,3
518,0,46.63765182186235,0,4,0.6521001272804412,1083.38,2,2
519,0,69.0,0,1,1.0,1377.65,3,2
520,0,45.0,0,2,1.0,25.6,2,1
521,0,76.0,1,1,1.0,82.27,3,1
522,1,50.0,0,2,1.0,1586.92,2,3
523,1,51.0,1,2,0.0,2857.3,2,3
524,0,49.0,0,1,0.0,1282.76,2,2
525,1,55.0,0,1,1.0,2473.97,2,3
526,0,65.0,1,2,0.0,311.71,3,1
527,0,62.0,0,1,0.0,1109.49,3,2
528,0,59.0,1,2,0.6521001272804412,893.45,2,1
529,0,47.0,1,2,1.0,1418.4225770925111,2,2
530,0,44.0,1,1,1.0,1719.4,2,3
531,1,24.0,1,3,0.0,2774.37,2,3
532,1,43.0,0,1,1.0,890.6,2,1
533,1,24.0,1,2,0.6521001272804412,1292.57,2,2
534,1,46.0,0,2,0.0,1964.04,2,3
535,0,29.0,0,2,1.0,2612.34,2,3
536,1,48.0,1,1,0.6521001272804412,2840.52,2,3
537,0,72.0,0,1,1.0,380.86,3,1
538,0,24.0,1,3,0.0,939.5,2,1
539,1,72.0,1,3,1.0,545.2,3,1
540,0,46.63765182186235,0,1,0.0,1940.06,2,3
541,1,69.0,1,2,1.0,2030.73,3,3
542,0,28.0,1,1,0.6521001272804412,1436.61,2,2
543,0,44.0,1,1,0.0,2485.69,2,3
544,0,59.0,1,1,1.0,317.1,2,1
545,0,66.0,0,2,0.0,429.48,3,1
546,1,72.0,1,2,1.0,2729.61,3,3
547,0,41.0,1,2,1.0,1418.4225770925111,2,2
548,1,47.0,1,1,1.0,2060.59,2,3
549,1,33.0,0,2,1.0,675.92,2,1
550,0,69.0,1,2,1.0,837.71,3,1
551,0,55.0,1,1,0.0,1418.4225770925111,2,2
552,0,31.0,0,4,1.0,1418.4225770925111,2,2
553,0,17.0,0,1,1.0,660.88,1,1
554,0,39.0,1,1,0.0,328.67,2,1
555,1,52.0,0,2,1.0,692.8,2,1
556,1,51.0,0,4,0.0,430.27,2,1
557,0,17.0,1,1,1.0,1418.4225770925111,1,2
558,1,48.0,0,2,1.0,1062.23,2,2
559,1,71.0,0,1,1.0,2886.21,3,3
560,0,52.0,0,2,1.0,1799.67,2,3
561,1,40.0,1,3,0.6521001272804412,459.73,2,1
562,0,17.0,0,2,1.0,246.28,1,1
563,0,42.0,1,4,0.0,977.8,2,1
564,1,43.0,1,3,0.0,1070.56,2,2
565,1,49.0,0,4,1.0,1414.92,2,2
566,1,50.0,0,2,1.0,834.24,2,1
567,1,74.0,0,1,1.0,1418.4225770925111,3,2
568,1,46.0,1,2,0.0,2.16,2,1
569,0,20.0,1,3,0.0,1418.4225770925111,2,2
570,0,41.0,1,1,1.0,1608.42,2,3
571,1,36.0,1,1,0.0,1642.21,2,3
572,0,61.0,0,3,1.0,1699.31,3,3
573,1,47.0,1,3,0.0,2923.63,2,3
574,0,37.0,0,2,0.0,614.83,2,1
575,1,64.0,0,1,1.0,2757.65,3,3
576,1,38.0,0,2,0.0,926.55,2,1
577,1,34.0,0,1,1.0,786.73,2,1
578,0,20.0,1,1,1.0,1535.36,2,2
579,0,16.0,0,2,1.0,2848.56,1,3
580,1,49.0,1,2,1.0,789.08,2,1
581,0,47.0,0,2,1.0,1988.38,2,3
582,0,37.0,0,1,0.0,1624.95,2,3
583,1,46.63765182186235,1,1,1.0,61.35,2,1
584,1,50.0,0,1,1.0,1775.72,2,3
585,1,43.0,1,3,1.0,1720.85,2,3
586,1,66.0,1,1,1.0,2549.44,3,3
587,1,19.0,0,2,0.0,2909.2,2,3
588,0,37.0,0,4,1.0,1418.4225770925111,2,2
589,1,51.0,1,1,1.0,2997.15,2,3
590,1,24.0,1,2,0.0,2042.64,2,3
591,1,32.0,1,2,1.0,2453.04,2,3
592,1,15.0,1,1,0.6521001272804412,547.09,1,1
593,1,46.0,0,3,1.0,681.71,2,1
594,0,60.0,0,1,0.0,1601.24,3,3
595,0,43.0,1,3,0.0,1450.98,2,2
596,0,46.0,0,2,1.0,1418.4225770925111,2,2
597,0,62.0,0,1,1.0,84.67,3,1
598,1,39.0,0,1,1.0,2917.66,2,3
599,0,73.0,1,1,0.0,2041.54,3,3
600,1,38.0,0,2,1.0,1710.21,2,3
601,1,71.0,0,1,1.0,2548.2,3,3
602,1,54.0,0,3,0.0,1115.13,2,2
603,0,34.0,0,1,0.6521001272804412,489.78,2,1
604,0,42.0,0,1,1.0,2775.69,2,3
605,0,27.0,0,2,1.0,1418.4225770925111,2,2
606,0,25.0,1,3,1.0,1381.78,2,2
607,1,16.0,0,1,0.0,1418.4225770925111,1,2
608,1,34.0,1,2,0.0,581.83,2,1
609,1,71.0,1,2,0.0,2037.59,3,3
610,0,75.0,1,3,1.0,836.55,3,1
611,0,18.0,1,2,1.0,1418.4225770925111,2,2
612,0,46.0,1,1,1.0,1418.4225770925111,2,2
613,0,56.0,1,2,1.0,1234.26,2,2
614,1,32.0,1,1,0.0,1504.25,2,2
615,1,24.0,0,2,0.0,897.1,2,1
616,0,46.0,0,1,1.0,1746.47,2,3
617,1,43.0,0,1,1.0,87.88,2,1
618,1,18.0,1,1,0.0,1650.69,2,3
619,1,21.0,0,2,1.0,2611.18,2,3
620,1,64.0,0,2,1.0,1760.23,3,3
621,1,54.0,1,3,0.0,1860.03,2,3
622,0,15.0,1,4,0.0,2754.9,1,3
623,0,24.0,0,2,0.0,270.93,2,1
624,0,53.0,0,2,1.0,467.43,2,1
625,0,67.0,1,3,0.0,1364.98,3,2
626,0,36.0,1,1,1.0,1418.4225770925111,2,2
627,0,68.0,1,2,1.0,104.54,3,1
628,0,43.0,0,3,1.0,2527.24,2,3
629,1,64.0,0,2,1.0,1935.35,3,3
630,0,46.0,1,4,0.0,129.95,2,1
631,1,75.0,0,3,1.0,1418.4225770925111,3,2
632,0,41.0,1,3,1.0,2623.07,2,3
633,0,77.0,1,2,1.0,1902.46,3,3
634,0,38.0,1,3,1.0,1873.51,2,3
635,0,50.0,0,2,1.0,1349.31,2,2
636,0,46.0,0,2,1.0,2081.86,2,3
637,1,64.0,0,2,0.0,841.44,3,1
638,1,67.0,1,2,0.0,1418.4225770925111,3,2
639,1,62.0,1,2,0.6521001272804412,767.69,3,1
640,1,69.0,0,1,1.0,306.16,3,1
641,1,59.0,0,3,0.0,533.64,2,1
642,1,39.0,0,4,0.0,1418.4225770925111,2,2
643,0,40.0,0,2,1.0,696.84,2,1
644,0,75.0,1,2,0.0,169.82,3,1
645,0,40.0,0,3,1.0,1418.4225770925111,2,2
646,0,54.0,0,2,0.6521001272804412,1208.94,2,2
647,1,45.0,0,1,1.0,117.56,2,1
648,1,36.0,0,2,1.0,2055.39,2,3
649,0,40.0,1,4,1.0,1160.65,2,2
650,0,68.0,0,2,1.0,1044.78,3,2
651,0,55.0,1,2,1.0,2776.96,2,3
652,1,32.0,1,4,0.0,762.74,2,1
653,0,72.0,1,3,1.0,1717.11,3,3
654,0,62.0,1,4,1.0,1650.65,3,3
655,0,55.0,0,4,1.0,2917.55,2,3
656,0,18.0,1,3,0.0,1689.33,2,3
657,0,46.63765182186235,1,2,1.0,436.52,2,1
658,0,53.0,0,1,0.0,279.19,2,1
659,1,61.0,1,2,1.0,2863.09,3,3
660,0,15.0,0,3,1.0,1921.83,1,3
661,1,24.0,0,2,1.0,1157.79,2,2
662,0,73.0,1,1,0.0,1418.4225770925111,3,2
663,1,24.0,0,1,0.0,1802.33,2,3
664,0,35.0,0,1,0.0,702.87,2,1
665,0,65.0,0,2,0.0,1534.1,3,2
666,1,35.0,1,4,1.0,1357.68,2,2
667,0,22.0,0,1,0.0,2960.52,2,3
668,0,15.0,0,1,1.0,756.95,1,1
669,0,65.0,0,2,1.0,264.74,3,1
670,1,65.0,1,3,0.6521001272804412,1759.15,3,3
671,0,63.0,0,3,1.0,2487.49,3,3
672,1,47.0,1,1,1.0,677.54,2,1
673,0,38.0,0,1,1.0,501.86,2,1
674,0,42.0,0,2,0.6521001272804412,1418.4225770925111,2,2
675,1,16.0,1,1,1.0,1297.29,1,2
676,1,57.0,1,1,0.0,697.55,2,1
677,1,55.0,0,2,1.0,1121.06,2,2
678,0,55.0,1,2,1.0,391.88,2,1
679,0,28.0,1,4,1.0,945.26,2,1
680,0,37.0,0,1,1.0,397.91,2,1
681,1,35.0,0,4,0.0,2917.04,2,3
682,0,26.0,1,1,1.0,938.74,2,1
683,0,63.0,0,2,1.0,675.06,3,1
684,1,78.0,0,1,0.0,1020.2,3,1
685,1,56.0,1,3,1.0,158.6,2,1
686,0,53.0,0,2,1.0,218.06,2,1
687,0,34.0,0,2,0.0,2814.33,2,3
688,0,69.0,0,1,1.0,101.23,3,1
689,0,30.0,1,1,0.0,1875.29,2,3
690,0,31.0,1,3,0.0,875.04,2,1
691,0,57.0,0,1,0.0,148.88,2,1
692,1,55.0,1,1,1.0,1418.4225770925111,2,2
693,0,76.0,0,4,1.0,1418.4225770925111,3,2
694,1,31.0,1,3,0.0,216.26,2,1
695,1,33.0,1,1,1.0,191.01,2,1
696,0,40.0,0,2,1.0,1418.4225770925111,2,2
697,0,50.0,1,1,1.0,159.32,2,1
698,1,26.0,1,2,0.0,1150.77,2,2
699,1,31.0,1,2,1.0,1124.26,2,2
700,1,40.0,1,3,0.6521001272804412,106.73,2,1
701,1,67.0,1,2,1.0,947.92,3,1
702,1,34.0,0,3,1.0,182.09,2,1
703,0,56.0,0,1,0.0,408.06,2,1
704,0,34.0,0,3,1.0,1589.97,2,3
705,0,48.0,0,2,1.0,2971.3,2,3
706,1,40.0,0,2,1.0,1651.4,2,3
707,1,50.0,1,3,1.0,1418.4225770925111,2,2
708,0,75.0,0,1,0.0,2615.89,3,3
709,0,57.0,0,1,1.0,1872.97,2,3
710,1,27.0,1,3,0.6521001272804412,1137.22,2,2
711,0,40.0,0,4,1.0,2705.93,2,3
712,1,43.0,0,4,1.0,604.11,2,1
713,1,72.0,1,4,0.0,1488.16,3,2
714,0,68.0,1,3,0.0,1418.4225770925111,3,2
715,1,35.0,0,1,1.0,2032.63,2,3
716,0,37.0,0,4,1.0,887.97,2,1
717,0,19.0,0,1,1.0,725.91,2,1
718,0,66.0,0,3,0.6521001272804412,588.61,3,1
719,1,43.0,0,3,1.0,42.98,2,1
720,0,19.0,0,1,1.0,1895.93,2,3
721,0,18.0,0,1,1.0,1418.4225770925111,2,2
722,0,31.0,1,2,1.0,1322.08,2,2
723,0,40.0,1,2,1.0,182.35,2,1
724,0,37.0,0,4,1.0,287.77,2,1
725,0,73.0,0,2,1.0,1106.89,3,2
726,0,29.0,0,3,0.0,1295.42,2,2
727,1,42.0,1,3,0.0,608.33,2,1
728,0,53.0,0,2,1.0,639.25,2,1
729,0,15.0,1,3,1.0,1417.01,1,2
730,0,58.0,0,3,1.0,2536.59,2,3
731,0,74.0,0,2,1.0,861.93,3,1
732,0,46.63765182186235,0,1,1.0,1239.91,2,2
733,0,38.0,0,4,1.0,1418.4225770925111,2,2
734,0,45.0,1,1,0.0,1954.97,2,3
735,1,45.0,0,1,0.6521001272804412,1671.72,2,3
736,1,63.0,0,1,1.0,1142.52,3,2
737,1,56.0,1,2,1.0,1567.64,2,3
738,0,62.0,0,3,1.0,1326.95,3,2
739,0,39.0,0,1,0.0,1418.4225770925111,2,2
740,1,35.0,0,3,0.0,1935.0,2,3
741,1,25.0,0,3,1.0,2568.34,2,3
742,1,25.0,1,2,1.0,1198.81,2,2
743,1,44.0,1,1,1.0,2996.82,2,3
744,0,22.0,0,2,1.0,1510.28,2,2
745,1,49.0,1,3,0.0,896.07,2,1
746,1,54.0,1,3,0.0,227.66,2,1
747,0,16.0,0,4,1.0,1418.4225770925111,1,2
748,1,54.0,1,2,1.0,2654.79,2,3
749,0,39.0,1,2,1.0,1426.26,2,2
750,1,46.63765182186235,0,2,1.0,664.37,2,1
751,0,56.0,1,1,1.0,1049.31,2,2
752,1,41.0,0,2,0.0,1418.4225770925111,2,2
753,1,63.0,0,3,0.0,383.85,3,1
754,0,72.0,1,2,1.0,540.38,3,1
755,0,46.63765182186235,1,1,0.0,1431.32,2,2
756,0,78.0,0,3,1.0,2966.31,3,3
757,1,24.0,1,1,1.0,1418.4225770925111,2,2
758,0,40.0,0,2,1.0,326.44,2,1
759,0,36.0,0,1,0.6521001272804412,681.16,2,1
760,1,24.0,0,2,1.0,1486.56,2,2
761,1,78.0,0,2,1.0,1106.53,3,2
762,1,36.0,0,1,0.0,2540.97,2,3
763,0,66.0,0,1,1.0,696.5,3,1
764,1,59.0,0,1,1.0,1062.47,2,2
765,0,44.0,1,3,0.0,2960.98,2,3
766,1,66.0,1,2,1.0,81.37,3,1
767,1,18.0,0,2,0.0,1521.84,2,2
768,1,53.0,0,3,1.0,2070.51,2,3
769,1,43.0,0,1,1.0,1418.4225770925111,2,2
770,1,72.0,1,1,1.0,1418.4225770925111,3,2
771,1,62.0,0,2,1.0,1804.6,3,3
772,1,35.0,1,2,1.0,1418.4225770925111,2,2
773,1,18.0,0,1,0.0,1733.78,2,3
774,0,27.0,1,1,1.0,1418.4225770925111,2,2
775,0,59.0,0,2,0.0,880.28,2,1
776,1,36.0,0,1,1.0,1276.2,2,2
777,1,65.0,0,2,0.6521001272804412,56.63,3,1
778,1,50.0,0,1,1.0,393.8,2,1
779,0,24.0,1,2,1.0,2902.97,2,3
780,0,71.0,0,2,1.0,1657.33,3,3
781,0,36.0,1,1,0.6521001272804412,2018.28,2,3
782,0,46.0,1,1,1.0,1031.63,2,2
783,0,55.0,1,2,1.0,779.96,2,1
784,1,52.0,1,1,1.0,1868.24,2,3
785,0,29.0,0,3,1.0,2513.36,2,3
786,1,32.0,1,1,1.0,2733.0,2,3
787,1,66.0,1,2,1.0,435.3,3,1
788,1,71.0,1,1,1.0,1188.81,3,2
789,0,17.0,0,3,1.0,1746.63,1,3
790,1,37.0,1,3,0.0,1833.14,2,3
791,0,34.0,0,4,1.0,1418.4225770925111,2,2
792,1,48.0,0,2,1.0,1068.9,2,2
793,0,56.0,1,1,1.0,2687.66,2,3
794,0,61.0,0,2,1.0,623.55,3,1
795,0,28.0,0,3,1.0,498.27,2,1
796,0,54.0,0,1,1.0,243.97,2,1
797,0,76.0,0,1,1.0,539.1,3,1
798,0,75.0,0,3,0.0,333.9,3,1
799,0,74.0,0,1,1.0,68.46,3,1
800,1,69.0,1,1,1.0,294.04,3,1
801,1,52.0,0,1,0.0,675.01,2,1
802,0,33.0,1,3,1.0,1809.6,2,3
803,0,33.0,0,2,0.0,1085.15,2,2
804,0,35.0,0,4,0.0,564.27,2,1
805,0,60.0,0,1,1.0,2407.99,3,3
806,0,46.63765182186235,0,2,1.0,1418.4225770925111,2,2
807,1,32.0,0,3,0.6521001272804412,2842.61,2,3
808,1,20.0,1,1,1.0,234.15,2,1
809,0,69.0,1,2,1.0,195.25,3,1
810,0,30.0,0,3,1.0,490.23,2,1
811,0,34.0,1,3,1.0,636.89,2,1
812,1,40.0,0,1,1.0,1931.67,2,3
813,1,37.0,0,1,0.0,1948.66,2,3
814,0,22.0,1,1,0.0,2007.54,2,3
815,0,26.0,0,3,1.0,2020.07,2,3
816,0,43.0,1,1,1.0,1227.65,2,2
817,0,39.0,0,2,0.0,2010.7,2,3
818,0,46.0,1,1,1.0,553.18,2,1
819,1,31.0,1,3,1.0,2584.24,2,3
820,1,70.0,1,3,1.0,1503.63,3,2
821,0,72.0,1,2,1.0,361.19,3,1
822,0,67.0,0,2,0.0,2918.71,3,3
823,1,78.0,1,2,1.0,1421.55,3,2
824,1,45.0,0,1,0.0,1418.4225770925111,2,2
825,0,30.0,0,1,1.0,532.29,2,1
826,0,46.63765182186235,0,1,1.0,1250.55,2,2
827,0,77.0,0,2,1.0,1418.4225770925111,3,2
828,0,26.0,1,2,1.0,1799.49,2,3
829,0,59.0,1,2,1.0,235.99,2,1
830,0,28.0,0,2,1.0,1887.3,2,3
831,1,53.0,1,1,1.0,114.85,2,1
832,0,47.0,0,1,1.0,1679.77,2,3
833,0,41.0,0,2,0.0,486.79,2,1
834,1,73.0,0,2,1.0,663.83,3,1
835,1,48.0,1,1,1.0,44.75,2,1
836,0,71.0,1,1,1.0,2640.15,3,3
837,1,51.0,1,4,1.0,1418.4225770925111,2,2
838,1,69.0,0,1,0.0,1121.33,3,2
839,0,20.0,1,1,1.0,910.33,2,1
840,1,41.0,0,1,1.0,56.13,2,1
841,1,55.0,0,1,1.0,1828.98,2,3
842,0,37.0,0,2,0.0,1122.19,2,2
843,0,34.0,1,3,1.0,72.69,2,1
844,0,28.0,1,1,1.0,1286.07,2,2
845,0,63.0,0,1,1.0,1913.23,3,3
846,0,30.0,1,2,0.0,1513.31,2,2
847,0,24.0,0,2,1.0,1083.55,2,2
848,1,62.0,0,2,0.0,1724.57,3,3
849,0,57.0,0,2,1.0,882.42,2,1
850,0,51.0,1,1,1.0,2567.73,2,3
851,1,55.0,1,1,1.0,719.14,2,1
852,1,63.0,0,2,0.0,1908.42,3,3
853,0,19.0,1,2,1.0,1283.18,2,2
854,0,16.0,0,2,0.6521001272804412,1141.17,1,2
855,1,55.0,0,3,1.0,2864.12,2,3
856,0,47.0,1,1,1.0,1094.78,2,2
857,0,46.63765182186235,1,1,1.0,1494.24,2,2
858,0,54.0,0,1,1.0,2557.92,2,3
859,1,63.0,0,3,1.0,2876.36,3,3
860,1,26.0,1,4,1.0,5.55,2,1
861,1,59.0,1,1,0.0,1418.4225770925111,2,2
862,1,56.0,0,2,1.0,1418.4225770925111,2,2
863,1,36.0,0,3,1.0,1824.67,2,3
864,0,78.0,0,2,1.0,1493.76,3,2
865,0,41.0,0,2,0.0,568.27,2,1
866,0,49.0,0,1,1.0,2904.15,2,3
867,0,21.0,1,1,1.0,34.43,2,1
868,1,75.0,1,2,1.0,2068.44,3,3
869,0,32.0,1,3,1.0,2609.7,2,3
870,0,70.0,1,3,1.0,534.76,3,1
871,0,75.0,0,3,0.0,2645.93,3,3
872,0,64.0,0,2,1.0,74.93,3,1
873,0,49.0,0,1,0.0,2624.0,2,3
874,1,56.0,0,1,0.0,2086.0,2,3
875,0,72.0,1,2,1.0,1357.6,3,2
876,0,38.0,0,1,0.6521001272804412,1777.31,2,3
877,0,40.0,1,3,1.0,2513.75,2,3
878,1,26.0,0,2,0.0,2705.36,2,3
879,1,42.0,1,1,0.0,1691.62,2,3
880,1,65.0,1,2,0.0,1840.03,3,3
881,0,46.0,1,4,0.0,2051.18,2,3
882,1,51.0,0,3,1.0,1367.77,2,2
883,1,71.0,1,1,0.0,768.38,3,1
884,1,39.0,1,2,1.0,1418.4225770925111,2,2
885,1,75.0,1,2,0.6521001272804412,1639.73,3,3
886,0,59.0,0,2,0.0,2466.37,2,3
887,0,27.0,1,1,1.0,936.39,2,1
888,1,36.0,1,4,0.0,2744.96,2,3
889,0,44.0,1,1,1.0,1595.06,2,3
890,0,24.0,0,4,1.0,566.58,2,1
891,0,35.0,0,1,0.0,1418.4225770925111,2,2
892,1,75.0,0,2,1.0,429.08,3,1
893,1,40.0,1,4,0.0,1462.02,2,2
894,1,42.0,0,1,1.0,39.84,2,1
895,0,64.0,1,2,1.0,1734.67,3,3
896,1,26.0,1,3,1.0,297.61,2,1
897,1,21.0,1,2,1.0,492.74,2,1
898,1,63.0,1,2,1.0,872.01,3,1
899,1,21.0,0,3,1.0,417.6,2,1
900,0,46.0,1,2,1.0,1430.93,2,2
901,1,53.0,0,3,0.0,1418.4225770925111,2,2
902,0,45.0,1,2,1.0,341.39,2,1
903,0,61.0,1,1,0.0,901.66,3,1
904,1,78.0,1,2,0.0,192.77,3,1
905,1,73.0,0,4,1.0,1713.58,3,3
906,0,17.0,1,1,1.0,99.77,1,1
907,1,68.0,0,2,1.0,1418.4225770925111,3,2
908,0,65.0,1,1,0.0,1208.88,3,2
909,1,22.0,0,2,0.0,471.95,2,1
910,1,43.0,1,2,1.0,2065.03,2,3
911,0,16.0,1,3,0.6521001272804412,1644.06,1,3
912,0,51.0,0,4,1.0,678.47,2,1
913,1,50.0,0,1,1.0,1412.72,2,2
914,0,59.0,0,3,1.0,2053.25,2,3
915,0,35.0,0,3,0.6521001272804412,976.02,2,1
916,1,33.0,0,2,0.0,1681.59,2,3
917,1,28.0,0,1,1.0,975.11,2,1
918,1,53.0,1,1,1.0,1418.4225770925111,2,2
919,0,42.0,0,1,0.0,1425.99,2,2
920,1,72.0,1,2,1.0,1822.43,3,3
921,0,67.0,1,4,1.0,577.53,3,1
922,1,69.0,0,1,0.0,2649.13,3,3
923,0,31.0,1,1,1.0,1479.67,2,2
924,0,52.0,1,2,1.0,1894.89,2,3
925,1,75.0,0,1,1.0,1687.41,3,3
926,0,51.0,1,4,0.0,522.04,2,1
927,1,49.0,1,1,0.0,1579.61,2,3
928,1,18.0,1,3,1.0,2939.09,2,3
929,1,61.0,0,2,0.6521001272804412,1957.04,3,3
930,1,66.0,1,4,0.6521001272804412,1095.15,3,2
931,0,47.0,0,4,1.0,1208.12,2,2
932,0,45.0,1,2,0.0,149.78,2,1
933,0,26.0,1,2,1.0,308.26,2,1
934,0,53.0,0,1,1.0,1901.61,2,3
935,0,35.0,0,2,1.0,1713.07,2,3
936,0,41.0,0,1,1.0,199.6,2,1
937,0,31.0,0,1,1.0,747.96,2,1
938,1,57.0,1,2,0.6521001272804412,2874.22,2,3
939,0,32.0,0,1,1.0,388.15,2,1
940,0,22.0,1,3,0.6521001272804412,2690.07,2,3
941,0,47.0,0,1,0.0,1655.82,2,3
942,1,18.0,0,1,1.0,2683.09,2,3
943,0,77.0,1,3,1.0,2978.08,3,3
944,1,43.0,0,1,0.0,1726.25,2,3
945,1,19.0,0,4,1.0,536.85,2,1
946,1,52.0,0,1,1.0,2809.83,2,3
947,0,62.0,0,3,0.0,1418.4225770925111,3,2
948,1,55.0,1,3,0.6521001272804412,892.81,2,1
949,0,69.0,1,1,1.0,313.56,3,1
950,0,61.0,0,1,0.0,296.68,3,1
951,0,60.0,1,1,0.0,1488.16,3,2
952,0,62.0,0,4,0.0,1712.63,3,3
953,0,37.0,0,2,1.0,2937.06,2,3
954,0,28.0,0,4,1.0,328.05,2,1
955,0,67.0,0,1,1.0,1091.15,3,2
956,1,42.0,1,1,1.0,524.62,2,1
957,1,28.0,1,2,1.0,1401.27,2,2
958,0,64.0,0,1,1.0,6.79,3,1
959,1,43.0,1,2,1.0,173.93,2,1
960,1,48.0,1,2,1.0,1105.0,2,2
961,1,64.0,0,3,0.0,53.36,3,1
962,0,56.0,0,2,1.0,5.31,2,1
963,0,32.0,0,3,0.0,1028.15,2,2
964,1,45.0,0,2,1.0,428.22,2,1
965,1,30.0,0,3,0.6521001272804412,2883.7,2,3
966,0,28.0,1,4,1.0,278.44,2,1
967,1,36.0,0,1,0.0,1850.08,2,3
968,0,78.0,1,1,1.0,1697.09,3,3
969,1,19.0,0,1,0.0,780.39,2,1
970,0,51.0,1,1,0.0,2047.51,2,3
971,0,21.0,0,2,0.0,1418.4225770925111,2,2
972,1,30.0,0,1,1.0,1304.2,2,2
973,0,21.0,0,1,0.0,2056.18,2,3
974,0,40.0,1,1,1.0,61.04,2,1
975,1,63.0,0,1,0.0,2847.16,3,3
976,1,47.0,0,3,0.0,1418.4225770925111,2,2
977,0,22.0,0,2,1.0,615.38,2,1
978,0,19.0,0,1,0.0,2473.87,2,3
979,0,48.0,0,2,1.0,1045.45,2,2
980,1,32.0,0,4,1.0,373.75,2,1
981,1,18.0,1,4,1.0,438.81,2,1
982,0,72.0,1,1,0.0,967.58,3,1
983,0,68.0,1,1,0.0,464.7,3,1
984,1,39.0,0,2,1.0,509.15,2,1
985,1,42.0,1,1,1.0,364.73,2,1
986,0,68.0,0,1,0.0,1633.77,3,3
987,0,52.0,0,1,0.0,678.1,2,1
988,0,63.0,1,4,0.0,1021.98,3,1
989,1,46.0,1,1,1.0,1418.4225770925111,2,2
990,1,62.0,1,1,0.0,1163.3,3,2
991,0,38.0,1,4,0.0,1745.71,2,3
992,1,73.0,0,1,1.0,1871.75,3,3
993,0,52.0,0,3,0.0,1165.97,2,2
994,1,48.0,0,4,0.6521001272804412,66.48,2,1
995,1,34.0,0,3,0.0,1713.15,2,3
996,0,76.0,0,1,1.0,1875.03,3,3
997,0,72.0,0,2,1.0,1002.79,3,1
998,1,66.0,0,3,1.0,59.97,3,1
999,0,67.0,1,1,0.0,1418.4225770925111,3,2
1000,0,43.0,1,1,0.6521001272804412,1418.4225770925111,2,2
1001,0,42.0,1,2,1.0,2541.56,2,3
1002,1,55.0,0,1,1.0,2712.52,2,3
1003,0,76.0,1,1,0.6521001272804412,2001.13,3,3
1004,1,57.0,0,4,0.6521001272804412,2524.95,2,3
1005,1,28.0,0,1,1.0,363.29,2,1
1006,1,56.0,1,2,0.0,2479.25,2,3
1007,0,61.0,0,3,1.0,1902.46,3,3
1008,1,27.0,0,4,0.0,1418.4225770925111,2,2
1009,0,32.0,0,2,1.0,957.05,2,1
1010,1,62.0,1,4,0.0,23.14,3,1
1011,0,18.0,0,3,1.0,1340.65,2,2
1012,1,45.0,0,4,1.0,720.75,2,1
1013,0,20.0,1,2,1.0,1418.4225770925111,2,2
1014,1,53.0,0,3,0.0,2490.18,2,3
1015,1,48.0,0,1,1.0,1015.45,2,1
1016,0,41.0,1,1,1.0,2570.56,2,3
1017,0,22.0,1,1,0.0,1114.5,2,2
1018,1,70.0,1,1,1.0,261.44,3,1
1019,1,16.0,0,2,0.0,657.98,1,1
1020,0,77.0,1,1,1.0,1935.38,3,3
1021,0,44.0,0,1,1.0,1418.4225770925111,2,2
1022,0,68.0,1,1,1.0,1711.74,3,3
1023,0,30.0,0,4,0.0,1418.4225770925111,2,2
1024,0,37.0,1,3,0.0,473.25,2,1
1025,0,56.0,1,2,0.0,2726.95,2,3
1026,1,71.0,0,3,1.0,761.23,3,1
1027,1,70.0,0,2,0.0,1911.54,3,3
1028,0,36.0,0,1,0.0,102.99,2,1
1029,0,50.0,0,2,0.0,423.98,2,1
1030,1,69.0,1,3,1.0,561.16,3,1
1031,1,19.0,0,1,1.0,613.35,2,1
1032,0,49.0,1,3,0.0,1418.4225770925111,2,2
1033,1,36.0,0,1,1.0,2785.61,2,3
1034,1,27.0,1,3,1.0,1418.4225770925111,2,2
1035,1,43.0,1,2,1.0,2071.6,2,3
1036,1,42.0,0,1,1.0,1331.74,2,2
1037,1,34.0,0,1,0.0,642.73,2,1
1038,1,15.0,0,2,0.6521001272804412,703.59,1,1
1039,1,20.0,1,3,1.0,809.72,2,1
1040,0,19.0,0,1,0.6521001272804412,2965.57,2,3
1041,1,49.0,1,1,0.0,2420.67,2,3
1042,0,29.0,0,3,0.0,425.62,2,1
1043,0,25.0,0,1,0.0,1348.65,2,2
1044,0,72.0,0,1,1.0,1654.25,3,3
1045,0,44.0,1,3,0.0,962.62,2,1
1046,1,59.0,1,2,1.0,202.84,2,1
1047,0,51.0,1,2,1.0,1691.26,2,3
1048,0,57.0,0,3,0.0,505.36,2,1
1049,1,18.0,0,3,1.0,2863.91,2,3
1050,1,30.0,0,1,0.0,603.34,2,1
1051,1,18.0,0,1,1.0,2443.68,2,3
1052,1,26.0,0,1,0.6521001272804412,2614.47,2,3
1053,0,38.0,0,2,1.0,1985.91,2,3
1054,0,34.0,1,2,0.0,1936.86,2,3
1055,0,36.0,1,4,1.0,743.54,2,1
1056,0,70.0,1,3,1.0,1474.73,3,2
1057,0,46.63765182186235,1,2,1.0,282.07,2,1
1058,0,35.0,1,1,0.0,459.96,2,1
1059,1,46.0,0,3,1.0,258.66,2,1
1060,0,74.0,1,2,1.0,1492.25,3,2
1061,1,70.0,1,2,1.0,134.8,3,1
1062,1,21.0,1,2,0.0,1250.44,2,2
1063,0,39.0,1,3,1.0,1305.52,2,2
1064,1,33.0,1,2,0.0,1922.8,2,3
1065,0,47.0,0,1,0.0,2757.41,2,3
1066,1,49.0,0,2,1.0,337.17,2,1
1067,0,34.0,1,2,1.0,635.17,2,1
1068,1,64.0,1,3,0.0,1282.24,3,2
1069,0,36.0,1,3,0.0,947.09,2,1
1070,1,51.0,1,4,1.0,482.68,2,1
1071,0,21.0,0,4,0.6521001272804412,1418.4225770925111,2,2
1072,0,51.0,1,3,0.0,2733.8,2,3
1073,0,58.0,0,2,1.0,1679.62,2,3
1074,0,22.0,0,3,1.0,1793.22,2,3
1075,1,60.0,0,1,1.0,26.55,3,1
1076,1,20.0,1,4,0.0,1158.67,2,2
1077,1,55.0,0,1,1.0,1274.62,2,2
1078,0,69.0,0,1,0.0,2437.74,3,3
1079,1,64.0,0,1,0.0,2981.36,3,3
1080,1,73.0,0,1,0.0,427.54,3,1
1081,1,46.0,0,2,0.0,2830.43,2,3
1082,1,78.0,1,1,1.0,2662.19,3,3
1083,0,22.0,1,2,1.0,30.22,2,1
1084,0,65.0,0,2,0.0,2903.6,3,3
1085,1,37.0,0,1,0.0,717.22,2,1
1086,0,55.0,0,2,0.6521001272804412,1992.41,2,3
1087,0,68.0,1,1,0.0,664.72,3,1
1088,0,54.0,1,2,1.0,1418.4225770925111,2,2
1089,0,50.0,1,4,0.0,1372.74,2,2
1090,1,28.0,0,1,0.6521001272804412,1035.49,2,2
1091,1,49.0,0,2,1.0,1469.28,2,2
1092,1,75.0,1,3,0.6521001272804412,1955.6,3,3
1093,1,53.0,1,1,1.0,1898.51,2,3
1094,0,46.0,0,1,1.0,2508.04,2,3
1095,0,50.0,1,3,0.0,1823.93,2,3
1096,0,62.0,0,2,1.0,1435.92,3,2
1097,0,59.0,0,2,1.0,2747.99,2,3
1098,1,55.0,0,2,0.0,577.32,2,1
1099,0,25.0,0,3,0.6521001272804412,1418.4225770925111,2,2
1100,0,56.0,1,4,0.0,2780.61,2,3
1101,0,56.0,1,2,1.0,1980.54,2,3
1102,0,78.0,0,1,0.0,2446.79,3,3
1103,1,48.0,0,1,0.0,34.88,2,1
1104,1,66.0,0,1,1.0,294.43,3,1
1105,0,24.0,0,1,1.0,2979.76,2,3
1106,1,34.0,0,1,1.0,794.29,2,1
1107,1,68.0,0,4,1.0,2458.89,3,3
1108,0,51.0,0,1,1.0,1941.55,2,3
1109,0,73.0,0,3,0.0,851.25,3,1
1110,0,75.0,0,3,1.0,2820.05,3,3
1111,0,63.0,1,1,0.0,2569.93,3,3
1112,0,39.0,0,3,0.0,1418.4225770925111,2,2
1113,0,57.0,1,2,0.0,1418.4225770925111,2,2
1114,1,46.0,0,2,0.0,790.74,2,1
1115,0,21.0,0,3,0.0,2884.04,2,3
1116,0,35.0,1,1,1.0,2707.55,2,3
1117,1,53.0,1,1,1.0,1108.32,2,2
1118,1,27.0,0,2,0.0,175.7,2,1
1119,1,76.0,0,1,1.0,2556.55,3,3
1120,0,38.0,1,2,1.0,1418.4225770925111,2,2
1121,0,44.0,1,4,0.0,2476.4,2,3
1122,0,35.0,0,3,1.0,2513.16,2,3
1123,1,35.0,0,2,1.0,2987.96,2,3
1124,0,26.0,1,1,1.0,542.38,2,1
1125,0,75.0,0,1,1.0,441.12,3,1
1126,0,18.0,1,1,1.0,321.63,2,1
1127,1,78.0,1,2,0.0,2429.9,3,3
1128,1,20.0,1,3,1.0,2616.98,2,3
1129,0,62.0,0,2,0.0,1418.4225770925111,3,2
1130,0,22.0,0,2,1.0,2954.96,2,3
1131,0,41.0,0,2,1.0,2612.81,2,3
1132,1,70.0,1,1,0.0,2961.06,3,3
1133,1,25.0,0,2,0.6521001272804412,33.63,2,1
1134,0,78.0,1,2,0.0,1407.33,3,2
1135,1,29.0,0,3,1.0,2693.76,2,3
1136,1,58.0,0,1,1.0,1215.66,2,2
1137,1,65.0,1,1,1.0,1584.5,3,3
1138,0,35.0,1,2,1.0,978.26,2,1
1139,0,17.0,0,3,0.0,1907.39,1,3
1140,1,27.0,1,1,1.0,1020.47,2,1
1141,0,67.0,1,1,1.0,1988.96,3,3
1142,0,33.0,1,1,1.0,1418.4225770925111,2,2
1143,1,47.0,0,2,1.0,840.32,2,1
1144,1,63.0,0,2,0.6521001272804412,483.12,3,1
1145,0,44.0,1,2,0.6521001272804412,2969.4,2,3
1146,1,68.0,0,1,1.0,2409.45,3,3
1147,1,47.0,0,2,1.0,1418.4225770925111,2,2
1148,1,44.0,0,2,1.0,2511.17,2,3
1149,0,48.0,1,4,0.0,1766.96,2,3
1150,1,76.0,0,3,0.6521001272804412,198.34,3,1
1151,1,55.0,0,2,0.0,1812.71,2,3
1152,1,71.0,1,4,1.0,458.09,3,1
1153,1,18.0,0,3,0.0,212.17,2,1
1154,0,67.0,1,3,1.0,1728.48,3,3
1155,1,66.0,0,1,0.0,2642.99,3,3
1156,1,48.0,0,1,1.0,1068.04,2,2
1157,0,25.0,0,2,0.0,1735.07,2,3
1158,0,76.0,0,1,0.0,1501.44,3,2
1159,0,39.0,0,2,1.0,1766.51,2,3
1160,1,56.0,1,2,1.0,345.89,2,1
1161,0,22.0,0,4,0.6521001272804412,135.09,2,1
1162,0,68.0,0,1,0.0,1739.24,3,3
1163,1,60.0,1,2,1.0,1473.73,3,2
1164,0,73.0,0,2,1.0,1886.15,3,3
1165,1,75.0,0,1,0.0,1540.3,3,2
1166,0,43.0,0,1,0.0,1239.5,2,2
1167,1,34.0,0,1,0.6521001272804412,1594.05,2,3
1168,0,62.0,0,3,0.6521001272804412,1694.78,3,3
1169,1,78.0,0,1,1.0,150.76,3,1
1170,1,61.0,0,3,0.6521001272804412,1418.4225770925111,3,2
1171,0,65.0,0,2,0.0,1178.68,3,2
1172,0,58.0,1,1,0.0,2962.48,2,3
1173,0,76.0,0,2,1.0,1418.4225770925111,3,2
1174,1,66.0,0,3,0.0,2489.81,3,3
1175,1,25.0,1,1,0.0,2942.85,2,3
1176,0,44.0,1,1,0.0,1968.96,2,3
1177,0,30.0,1,3,0.0,2985.7,2,3
1178,0,71.0,1,1,0.0,14.42,3,1
1179,0,21.0,1,4,1.0,2019.49,2,3
1180,1,62.0,0,3,1.0,784.89,3,1
1181,0,32.0,0,4,1.0,1248.69,2,2
1182,0,51.0,1,2,1.0,544.83,2,1
1183,0,21.0,0,1,1.0,2889.7,2,3
1184,0,56.0,0,1,1.0,709.16,2,1
1185,1,67.0,1,3,1.0,1495.9,3,2
1186,0,60.0,0,2,0.0,1676.4,3,3
1187,0,20.0,1,1,0.0,2034.02,2,3
1188,1,38.0,1,2,0.0,1021.21,2,1
1189,1,69.0,0,2,1.0,2478.1,3,3
1190,1,47.0,0,1,1.0,929.97,2,1
1191,1,28.0,0,3,0.0,1465.07,2,2
1192,0,20.0,0,2,1.0,2722.23,2,3
1193,1,67.0,1,1,1.0,2528.22,3,3
1194,1,28.0,0,1,0.0,1758.32,2,3
1195,1,16.0,1,1,0.0,1207.62,1,2
1196,1,19.0,0,2,1.0,496.36,2,1
1197,0,17.0,0,2,0.0,951.22,1,1
1198,0,77.0,1,1,1.0,287.21,3,1
1199,0,43.0,1,4,0.0,1418.4225770925111,2,2
1200,0,48.0,1,1,0.0,2056.77,2,3
1201,0,45.0,0,2,1.0,25.18,2,1
1202,0,71.0,1,2,1.0,2090.91,3,3
1203,1,57.0,0,1,1.0,1146.3,2,2
1204,1,27.0,1,1,1.0,1297.99,2,2
1205,0,39.0,1,2,1.0,553.6,2,1
1206,0,20.0,0,1,0.0,2733.41,2,3
1207,1,70.0,1,2,0.0,300.28,3,1
1208,0,30.0,0,2,0.0,631.84,2,1
1209,1,60.0,1,3,1.0,1551.07,3,3
1210,0,54.0,0,1,1.0,2674.77,2,3
1211,1,17.0,0,2,0.0,1418.4225770925111,1,2
1212,0,76.0,0,1,0.0,1207.82,3,2
1213,0,49.0,0,4,0.0,601.43,2,1
1214,1,66.0,1,1,0.0,1330.79,3,2
1215,0,49.0,0,1,1.0,999.93,2,1
1216,0,37.0,1,2,1.0,118.48,2,1
1217,1,74.0,0,2,1.0,933.78,3,1
1218,1,77.0,0,2,0.0,1270.63,3,2
1219,1,39.0,0,1,0.0,1396.59,2,2
1220,0,42.0,0,1,1.0,915.11,2,1
1221,0,41.0,1,2,0.0,1098.07,2,2
1222,0,59.0,0,3,1.0,1418.4225770925111,2,2
1223,1,41.0,1,1,1.0,1958.74,2,3
1224,0,15.0,0,2,1.0,1228.67,1,2
1225,0,63.0,1,1,0.6521001272804412,911.81,3,1
1226,0,16.0,0,3,0.0,2457.09,1,3
1227,0,61.0,0,2,1.0,1418.4225770925111,3,2
1228,1,68.0,1,3,1.0,2969.59,3,3
1229,0,25.0,0,1,1.0,2626.08,2,3
1230,0,57.0,1,2,1.0,1438.69,2,2
1231,0,67.0,0,2,1.0,1659.67,3,3
1232,1,75.0,0,2,1.0,1747.54,3,3
1233,1,25.0,0,2,1.0,1418.4225770925111,2,2
1234,0,44.0,1,1,0.0,1418.4225770925111,2,2
1235,1,51.0,0,2,0.0,295.67,2,1
1236,0,39.0,0,3,0.0,1659.23,2,3
1237,1,30.0,0,2,1.0,1056.1,2,2
1238,0,70.0,0,2,0.0,988.82,3,1
1239,1,70.0,0,3,1.0,153.01,3,1
1240,0,21.0,1,2,0.0,438.2,2,1
1241,0,62.0,0,4,1.0,1728.43,3,3
1242,1,44.0,1,3,0.0,1590.63,2,3
1243,1,66.0,0,1,0.6521001272804412,1960.94,3,3
1244,1,50.0,0,2,1.0,1418.4225770925111,2,2
1245,0,51.0,0,1,0.0,2582.89,2,3
1246,0,54.0,0,4,1.0,1118.41,2,2
1247,1,43.0,0,2,1.0,1418.4225770925111,2,2
1248,1,50.0,1,3,0.0,454.37,2,1
1249,0,44.0,1,2,0.0,1778.33,2,3
1250,1,42.0,0,2,1.0,1613.31,2,3
1251,1,41.0,0,2,1.0,2501.89,2,3
1252,1,64.0,1,4,0.6521001272804412,1403.77,3,2
1253,0,78.0,0,1,0.0,99.55,3,1
1254,0,16.0,0,2,1.0,2988.13,1,3
1255,0,49.0,1,4,1.0,1600.78,2,3
1256,0,62.0,0,3,0.0,2481.34,3,3
1257,1,65.0,1,2,1.0,567.18,3,1
1258,1,51.0,0,2,1.0,1418.4225770925111,2,2
1259,0,47.0,1,1,1.0,567.78,2,1
1260,1,22.0,0,1,1.0,1021.49,2,1
1261,0,58.0,1,2,1.0,1771.53,2,3
1262,0,21.0,1,2,0.6521001272804412,1885.48,2,3
1263,0,72.0,1,2,0.0,2402.44,3,3
1264,1,22.0,1,1,1.0,2789.94,2,3
1265,1,21.0,0,2,0.0,1167.4,2,2
1266,1,62.0,1,4,1.0,1757.1,3,3
1267,0,77.0,0,2,1.0,881.16,3,1
1268,0,62.0,0,1,1.0,2640.97,3,3
1269,1,48.0,0,1,1.0,1522.01,2,2
1270,0,22.0,0,4,1.0,1405.08,2,2
1271,1,78.0,1,1,0.0,1764.55,3,3
1272,1,75.0,0,2,1.0,820.94,3,1
1273,1,70.0,0,1,1.0,2772.92,3,3
1274,1,77.0,0,1,1.0,583.11,3,1
1275,0,58.0,1,2,1.0,405.51,2,1
1276,0,44.0,0,3,1.0,2903.28,2,3
1277,0,71.0,1,1,0.0,2706.14,3,3
1278,0,15.0,0,4,1.0,330.61,1,1
1279,0,50.0,1,1,1.0,1640.63,2,3
1280,0,29.0,1,1,0.0,781.71,2,1
1281,0,61.0,0,1,1.0,2919.78,3,3
1282,1,50.0,0,2,1.0,1829.21,2,3
1283,1,67.0,1,4,0.0,166.09,3,1
1284,1,66.0,0,1,0.0,1272.77,3,2
1285,1,47.0,0,1,0.0,2633.65,2,3
1286,1,16.0,0,1,0.0,795.97,1,1
1287,0,38.0,1,1,0.0,1060.68,2,2
1288,0,62.0,0,1,1.0,1401.41,3,2
1289,1,40.0,1,1,1.0,966.13,2,1
1290,0,30.0,1,1,0.0,2706.19,2,3
1291,0,22.0,0,2,1.0,1624.2,2,3
1292,0,36.0,1,3,0.0,203.83,2,1
1293,1,53.0,1,1,1.0,1793.15,2,3
1294,1,46.63765182186235,0,1,0.6521001272804412,269.06,2,1
1295,0,29.0,1,3,0.0,2580.54,2,3
1296,0,78.0,0,1,1.0,818.33,3,1
1297,1,53.0,1,1,1.0,2948.12,2,3
1298,0,26.0,1,1,0.0,131.54,2,1
1299,1,43.0,0,1,1.0,2902.45,2,3
1300,0,71.0,1,1,1.0,1301.11,3,2
1301,0,75.0,0,1,1.0,2740.01,3,3
1302,1,38.0,1,2,1.0,2813.89,2,3
1303,1,60.0,1,2,0.0,1142.85,3,2
1304,1,26.0,0,1,1.0,8.67,2,1
1305,1,76.0,1,3,0.0,2757.85,3,3
1306,1,32.0,1,2,1.0,2750.32,2,3
1307,0,51.0,0,1,1.0,2594.75,2,3
1308,0,46.63765182186235,0,1,0.0,720.49,2,1
1309,1,61.0,0,1,1.0,126.08,3,1
1310,0,66.0,0,1,0.6521001272804412,1610.44,3,3
1311,0,63.0,1,2,1.0,1462.64,3,2
1312,0,56.0,0,4,1.0,2741.78,2,3
1313,0,72.0,1,1,1.0,2906.76,3,3
1314,1,51.0,1,1,1.0,1100.58,2,2
1315,0,58.0,0,1,0.0,290.5,2,1
1316,1,19.0,1,2,1.0,1762.99,2,3
1317,1,59.0,0,3,1.0,1177.86,2,2
1318,0,43.0,1,1,1.0,501.28,2,1
1319,0,58.0,1,3,1.0,508.39,2,1
1320,1,37.0,0,4,0.0,2480.31,2,3
1321,1,77.0,1,2,1.0,332.43,3,1
1322,0,40.0,0,1,1.0,902.85,2,1
1323,0,37.0,0,2,1.0,1383.85,2,2
1324,1,43.0,0,4,1.0,1418.4225770925111,2,2
1325,0,19.0,0,1,0.0,1418.4225770925111,2,2
1326,0,39.0,0,3,1.0,810.56,2,1
1327,0,27.0,0,2,0.0,2957.04,2,3
1328,0,19.0,0,4,0.0,1101.86,2,2
1329,1,65.0,0,4,1.0,884.14,3,1
1330,1,27.0,1,4,1.0,1418.4225770925111,2,2
1331,1,19.0,0,2,0.0,719.49,2,1
1332,1,16.0,0,2,1.0,1222.43,1,2
1333,0,37.0,0,3,0.0,507.25,2,1
1334,0,30.0,1,1,0.0,2457.09,2,3
1335,0,34.0,0,1,0.0,2015.07,2,3
1336,1,57.0,1,2,0.6521001272804412,57.81,2,1
1337,0,21.0,0,3,0.6521001272804412,2944.92,2,3
1338,1,17.0,0,3,0.0,411.33,1,1
1339,1,60.0,0,3,1.0,2712.47,3,3
1340,1,76.0,0,2,0.0,1133.76,3,2
1341,1,43.0,1,3,1.0,828.36,2,1
1342,1,19.0,0,3,1.0,1035.28,2,2
1343,0,68.0,1,1,0.0,2420.7,3,3
1344,1,54.0,0,1,1.0,1012.36,2,1
1345,1,38.0,0,1,0.6521001272804412,774.74,2,1
1346,0,72.0,1,3,0.0,238.21,3,1
1347,1,32.0,1,4,0.0,2546.71,2,3
1348,0,34.0,1,4,0.0,2655.2,2,3
1349,0,52.0,0,1,1.0,2772.71,2,3
1350,1,38.0,0,3,1.0,1714.81,2,3
1351,1,65.0,0,1,0.6521001272804412,944.48,3,1
1352,0,32.0,1,1,0.6521001272804412,1969.64,2,3
1353,0,28.0,1,1,1.0,1105.48,2,2
1354,0,50.0,1,3,0.0,2541.8,2,3
1355,0,47.0,0,1,1.0,1735.23,2,3
1356,0,32.0,0,3,0.0,2940.55,2,3
1357,0,68.0,1,4,1.0,2401.06,3,3
1358,1,55.0,0,4,0.0,1855.15,2,3
1359,1,25.0,1,1,1.0,450.85,2,1
1360,0,21.0,1,2,1.0,283.61,2,1
1361,0,32.0,0,4,1.0,200.88,2,1
1362,0,71.0,1,3,0.0,1364.29,3,2
1363,0,77.0,1,2,1.0,1844.08,3,3
1364,1,38.0,0,2,1.0,1418.4225770925111,2,2
1365,1,47.0,0,2,0.0,1877.79,2,3
1366,0,49.0,1,1,1.0,485.26,2,1
1367,0,61.0,1,2,1.0,250.49,3,1
1368,0,77.0,1,1,1.0,1838.09,3,3
1369,0,17.0,1,2,1.0,1578.58,1,3
1370,1,77.0,0,3,0.0,2826.56,3,3
1371,0,19.0,0,1,0.0,2730.17,2,3
1372,1,38.0,1,3,1.0,1418.4225770925111,2,2
1373,0,60.0,1,3,0.6521001272804412,428.95,3,1
1374,0,59.0,0,2,0.0,123.42,2,1
1375,1,45.0,0,2,1.0,2534.05,2,3
1376,0,36.0,1,2,1.0,590.22,2,1
1377,1,45.0,0,2,0.0,1364.74,2,2
1378,1,58.0,0,1,1.0,76.54,2,1
1379,1,77.0,0,2,1.0,426.6,3,1
1380,1,55.0,0,3,0.0,1112.58,2,2
1381,0,48.0,1,2,1.0,1689.39,2,3
1382,0,68.0,0,1,0.0,228.12,3,1
1383,0,24.0,1,1,1.0,1141.44,2,2
1384,0,49.0,1,1,1.0,840.99,2,1
1385,0,66.0,0,2,0.0,1152.59,3,2
1386,0,32.0,0,1,1.0,857.79,2,1
1387,1,15.0,0,3,1.0,2417.48,1,3
1388,0,26.0,0,1,0.0,256.89,2,1
1389,1,16.0,0,3,0.0,714.17,1,1
1390,0,21.0,1,2,1.0,1418.4225770925111,2,2
1391,0,71.0,0,1,0.0,1561.04,3,3
1392,1,60.0,0,4,0.0,1418.4225770925111,3,2
1393,0,18.0,0,1,0.0,754.73,2,1
1394,1,41.0,0,3,1.0,2865.28,2,3
1395,0,75.0,0,1,0.0,2854.02,3,3
1396,0,16.0,1,2,0.0,1794.19,1,3
1397,0,44.0,1,1,0.6521001272804412,2475.49,2,3
1398,1,69.0,0,1,0.0,1898.75,3,3
1399,0,33.0,1,4,0.0,669.93,2,1
1400,0,36.0,1,3,1.0,393.94,2,1
1401,0,19.0,1,1,1.0,214.11,2,1
1402,1,20.0,1,1,0.0,1418.4225770925111,2,2
1403,0,46.63765182186235,0,2,1.0,962.34,2,1
1404,1,41.0,1,2,0.0,714.35,2,1
1405,1,65.0,1,3,1.0,1418.4225770925111,3,2
1406,0,49.0,0,1,0.0,2846.0,2,3
1407,1,64.0,1,1,0.6521001272804412,268.19,3,1
1408,1,60.0,0,1,1.0,2491.1,3,3
1409,1,51.0,1,3,1.0,1493.06,2,2
1410,1,56.0,0,2,1.0,1239.01,2,2
1411,0,28.0,0,1,0.0,1398.36,2,2
1412,1,64.0,1,1,0.0,1418.4225770925111,3,2
1413,1,74.0,0,3,0.0,473.24,3,1
1414,1,28.0,0,4,1.0,292.45,2,1
1415,1,58.0,1,3,1.0,741.93,2,1
1416,1,20.0,1,2,1.0,2582.51,2,3
1417,0,21.0,1,2,1.0,977.61,2,1
1418,0,34.0,0,1,0.0,247.8,2,1
1419,0,57.0,0,2,1.0,402.66,2,1
1420,0,35.0,1,1,1.0,395.99,2,1
1421,0,58.0,0,2,1.0,2903.98,2,3
1422,1,37.0,1,3,1.0,1583.01,2,3
1423,0,51.0,0,2,0.0,1665.44,2,3
1424,0,73.0,0,3,1.0,2774.5,3,3
1425,0,42.0,0,4,1.0,2659.77,2,3
1426,0,33.0,0,2,0.6521001272804412,626.92,2,1
1427,1,50.0,0,3,1.0,586.68,2,1
1428,0,18.0,0,2,0.0,1418.4225770925111,2,2
1429,1,71.0,0,1,1.0,810.74,3,1
1430,0,42.0,0,2,1.0,557.7,2,1
1431,1,75.0,0,2,1.0,815.59,3,1
1432,0,29.0,1,3,0.0,1565.0,2,3
1433,1,38.0,0,1,1.0,2469.32,2,3
1434,0,48.0,1,1,0.0,2790.76,2,3
1435,1,61.0,0,2,1.0,1198.33,3,2
1436,1,37.0,0,1,1.0,1847.18,2,3
1437,0,44.0,1,1,1.0,2873.01,2,3
1438,0,46.63765182186235,1,1,1.0,644.43,2,1
1439,0,33.0,1,3,0.0,2721.75,2,3
1440,0,63.0,1,3,0.0,2562.56,3,3
1441,0,27.0,0,2,0.0,693.59,2,1
1442,0,50.0,1,1,0.0,952.25,2,1
1443,1,41.0,1,1,0.0,224.65,2,1
1444,0,73.0,1,2,0.0,164.69,3,1
1445,0,53.0,0,3,0.0,1957.02,2,3
1446,1,55.0,0,2,1.0,2976.07,2,3
1447,1,53.0,0,3,0.0,1344.45,2,2
1448,1,39.0,1,1,0.6521001272804412,2552.31,2,3
1449,0,55.0,0,1,1.0,720.13,2,1
1450,1,70.0,0,1,0.0,2793.46,3,3
1451,0,22.0,1,3,0.0,242.49,2,1
1452,0,45.0,1,1,0.0,2511.86,2,3
1453,0,18.0,1,4,1.0,1418.4225770925111,2,2
1454,0,39.0,0,1,0.0,324.4,2,1
1455,0,27.0,1,2,0.0,386.88,2,1
1456,1,33.0,1,2,0.0,409.17,2,1
1457,0,47.0,0,1,0.0,147.56,2,1
1458,1,21.0,1,4,1.0,2921.43,2,3
1459,1,61.0,1,2,1.0,2677.17,3,3
1460,0,75.0,1,3,0.6521001272804412,234.49,3,1
1461,1,28.0,0,2,0.0,682.37,2,1
1462,1,64.0,0,2,1.0,1183.79,3,2
1463,0,72.0,0,1,1.0,891.19,3,1
1464,1,17.0,1,4,1.0,1809.36,1,3
1465,1,67.0,0,1,1.0,1838.74,3,3
1466,0,16.0,0,2,1.0,950.46,1,1
1467,0,72.0,0,3,1.0,348.16,3,1
1468,0,37.0,0,1,0.0,2003.85,2,3
1469,1,52.0,0,2,1.0,1040.72,2,2
1470,1,17.0,0,1,1.0,580.48,1,1
1471,1,27.0,0,3,1.0,1877.91,2,3
1472,0,35.0,1,1,0.0,1141.54,2,2
1473,1,57.0,1,2,0.0,1919.51,2,3
1474,0,76.0,1,1,1.0,1418.4225770925111,3,2
1475,0,33.0,1,1,1.0,1859.43,2,3
1476,0,28.0,1,3,0.6521001272804412,2436.86,2,3
1477,0,54.0,0,2,1.0,1826.02,2,3
1478,1,42.0,1,3,1.0,1763.71,2,3
1479,1,59.0,1,2,1.0,969.93,2,1
1480,0,72.0,0,1,1.0,1113.41,3,2
1481,0,45.0,0,2,0.0,56.06,2,1
1482,0,76.0,0,2,0.0,1476.77,3,2
1483,1,22.0,0,3,0.0,2648.71,2,3
1484,0,28.0,0,3,1.0,1424.7,2,2
1485,1,72.0,0,2,1.0,1418.4225770925111,3,2
1486,1,37.0,0,3,1.0,2940.37,2,3
1487,0,43.0,0,2,1.0,1889.07,2,3
1488,1,16.0,0,3,1.0,1047.63,1,2
1489,0,62.0,0,3,1.0,1914.37,3,3
1490,1,76.0,1,4,0.6521001272804412,1364.23,3,2
1491,0,64.0,1,3,1.0,1276.36,3,2
1492,0,16.0,0,1,1.0,701.22,1,1
1493,1,71.0,0,4,1.0,540.65,3,1
1494,0,36.0,1,2,0.0,1943.78,2,3
1495,0,24.0,0,2,0.0,192.45,2,1
1496,1,61.0,1,1,0.6521001272804412,1418.4225770925111,3,2
1497,0,62.0,0,2,1.0,31.13,3,1
1498,1,37.0,0,4,1.0,1927.09,2,3
1499,1,47.0,0,2,1.0,1708.52,2,3
1500,0,21.0,1,2,1.0,975.61,2,1
1501,0,71.0,1,4,1.0,1190.23,3,2
1502,0,21.0,0,3,0.0,334.86,2,1
1503,0,32.0,0,2,0.0,570.48,2,1
1504,1,58.0,0,3,0.0,1746.89,2,3
1505,0,18.0,0,2,1.0,2926.09,2,3
1506,1,71.0,0,4,1.0,975.54,3,1
1507,1,76.0,1,2,1.0,1418.4225770925111,3,2
1508,0,48.0,0,3,0.6521001272804412,1001.32,2,1
1509,0,59.0,0,1,1.0,2571.83,2,3
1510,0,31.0,0,1,1.0,1418.4225770925111,2,2
1511,0,55.0,0,4,0.0,114.52,2,1
1512,1,18.0,0,1,1.0,1418.4225770925111,2,2
1513,0,46.63765182186235,0,1,1.0,1418.4225770925111,2,2
1514,0,39.0,0,3,1.0,1418.4225770925111,2,2
1515,1,46.63765182186235,0,2,0.6521001272804412,1030.11,2,2
1516,0,35.0,0,3,1.0,2561.53,2,3
1517,1,48.0,0,1,0.0,138.99,2,1
1518,0,46.63765182186235,1,4,1.0,1504.44,2,2
1519,1,50.0,0,3,1.0,1729.95,2,3
1520,0,28.0,0,3,1.0,1056.61,2,2
1521,1,56.0,0,1,1.0,2901.83,2,3
1522,0,56.0,0,3,1.0,2557.1,2,3
1523,0,71.0,0,1,1.0,1322.31,3,2
1524,1,24.0,0,4,0.0,244.89,2,1
1525,0,61.0,1,1,1.0,693.43,3,1
1526,0,27.0,1,2,0.0,1185.2,2,2
1527,1,33.0,0,1,1.0,1418.4225770925111,2,2
1528,0,63.0,1,3,1.0,2409.86,3,3
1529,0,70.0,0,1,1.0,1317.93,3,2
1530,0,28.0,0,2,0.6521001272804412,1031.86,2,2
1531,0,53.0,0,3,1.0,2640.96,2,3
1532,0,71.0,0,1,0.0,228.71,3,1
1533,1,31.0,0,1,1.0,108.47,2,1
1534,0,73.0,1,1,0.0,1683.58,3,3
1535,0,54.0,1,2,1.0,1762.21,2,3
1536,1,63.0,0,2,1.0,645.51,3,1
1537,0,61.0,0,2,1.0,1755.41,3,3
1538,1,60.0,1,1,1.0,55.65,3,1
1539,1,56.0,1,2,0.0,1358.84,2,2
1540,0,50.0,1,1,1.0,1323.49,2,2
1541,0,63.0,1,3,0.0,2725.43,3,3
1542,0,59.0,0,1,0.0,50.83,2,1
1543,1,17.0,0,2,0.0,547.97,1,1
1544,0,76.0,0,4,1.0,659.75,3,1
1545,1,63.0,0,1,1.0,809.09,3,1
1546,0,68.0,1,1,1.0,2975.5,3,3
1547,1,19.0,0,2,0.0,1909.48,2,3
1548,0,24.0,0,1,0.0,1418.4225770925111,2,2
1549,1,56.0,0,2,1.0,731.05,2,1
1550,1,60.0,1,2,1.0,2403.94,3,3
1551,1,16.0,0,3,1.0,994.84,1,1
1552,1,25.0,0,2,0.0,1418.4225770925111,2,2
1553,0,17.0,0,2,1.0,619.26,1,1
1554,1,78.0,0,1,1.0,1150.72,3,2
1555,1,54.0,1,3,1.0,964.18,2,1
1556,0,44.0,1,4,0.0,1972.91,2,3
1557,0,70.0,0,2,0.6521001272804412,2444.49,3,3
1558,0,35.0,1,1,1.0,189.69,2,1
1559,1,63.0,1,2,1.0,1418.4225770925111,3,2
1560,0,67.0,0,2,0.0,524.88,3,1
1561,0,36.0,1,1,1.0,209.75,2,1
1562,0,77.0,0,1,1.0,2480.85,3,3
1563,1,48.0,0,4,1.0,1755.6,2,3
1564,1,78.0,0,4,1.0,95.05,3,1
1565,0,39.0,1,4,0.0,1557.5,2,3
1566,0,68.0,0,2,1.0,1354.59,3,2
1567,0,69.0,0,4,1.0,2455.66,3,3
1568,1,18.0,1,1,0.0,1418.4225770925111,2,2
1569,1,74.0,0,1,1.0,2477.45,3,3
1570,0,34.0,0,4,0.0,1132.75,2,2
1571,0,52.0,1,1,0.0,105.04,2,1
1572,0,67.0,1,1,1.0,1689.87,3,3
1573,0,49.0,0,1,1.0,2401.32,2,3
1574,1,67.0,0,2,0.0,1847.47,3,3
1575,1,28.0,0,3,1.0,1430.18,2,2
1576,1,70.0,0,2,1.0,2819.18,3,3
1577,0,31.0,1,1,0.0,281.3,2,1
1578,0,52.0,0,1,1.0,1049.48,2,2
1579,0,41.0,0,2,1.0,1418.4225770925111,2,2
1580,0,62.0,1,3,1.0,1023.12,3,2
1581,0,45.0,1,2,1.0,469.5,2,1
1582,1,21.0,0,3,0.0,2684.41,2,3
1583,1,41.0,0,1,0.0,414.17,2,1
1584,0,17.0,1,1,1.0,1687.03,1,3
1585,0,25.0,1,2,1.0,431.49,2,1
1586,1,34.0,0,1,0.6521001272804412,193.44,2,1
1587,0,24.0,0,1,1.0,469.54,2,1
1588,0,64.0,1,4,1.0,1504.4,3,2
1589,0,18.0,0,4,1.0,2699.0,2,3
1590,0,50.0,1,1,1.0,2734.44,2,3
1591,0,20.0,0,2,1.0,374.79,2,1
1592,0,26.0,0,4,1.0,936.79,2,1
1593,1,46.63765182186235,0,2,0.0,1472.59,2,2
1594,1,50.0,1,2,0.0,1670.13,2,3
1595,0,78.0,0,1,0.0,1982.88,3,3
1596,0,53.0,1,1,0.0,1912.05,2,3
1597,0,56.0,1,3,1.0,1653.94,2,3
1598,0,33.0,1,3,1.0,1418.4225770925111,2,2
1599,1,64.0,1,1,0.0,2059.46,3,3
1600,1,25.0,0,1,1.0,2760.05,2,3
1601,0,19.0,0,2,1.0,1418.4225770925111,2,2
1602,0,41.0,0,4,1.0,2570.96,2,3
1603,1,29.0,1,3,1.0,1977.35,2,3
1604,1,46.0,0,2,1.0,256.52,2,1
1605,0,38.0,1,1,1.0,1418.4225770925111,2,2
1606,1,26.0,0,4,0.6521001272804412,857.01,2,1
1607,0,67.0,1,1,1.0,2898.65,3,3
1608,1,56.0,1,1,0.0,1096.02,2,2
1609,1,78.0,1,1,1.0,2477.3,3,3
1610,0,74.0,0,2,0.0,1297.82,3,2
1611,0,15.0,0,1,1.0,2707.13,1,3
1612,0,32.0,0,1,0.0,1410.48,2,2
1613,0,24.0,0,2,0.0,1779.77,2,3
1614,0,25.0,0,3,1.0,749.03,2,1
1615,1,38.0,0,4,1.0,2791.22,2,3
1616,1,36.0,1,4,1.0,695.22,2,1
1617,1,48.0,1,1,1.0,2436.03,2,3
1618,0,53.0,1,1,1.0,1332.48,2,2
1619,1,48.0,1,2,0.0,260.49,2,1
1620,0,35.0,0,1,0.0,27.0,2,1
1621,0,20.0,1,1,0.0,1446.68,2,2
1622,0,42.0,0,1,0.0,1406.11,2,2
1623,1,39.0,0,3,1.0,179.72,2,1
1624,0,21.0,0,1,1.0,477.07,2,1
1625,1,45.0,0,1,0.0,2047.61,2,3
1626,0,71.0,1,1,0.6521001272804412,190.53,3,1
1627,0,51.0,1,1,1.0,1261.34,2,2
1628,0,59.0,1,1,0.0,1247.08,2,2
1629,0,26.0,1,3,1.0,1156.49,2,2
1630,0,51.0,0,2,1.0,1242.69,2,2
1631,0,55.0,1,1,1.0,1709.49,2,3
1632,0,19.0,0,1,1.0,1470.07,2,2
1633,0,76.0,1,2,1.0,1418.4225770925111,3,2
1634,0,78.0,1,2,1.0,86.13,3,1
1635,1,26.0,0,2,1.0,1938.9,2,3
1636,0,40.0,0,1,1.0,956.22,2,1
1637,1,34.0,1,2,0.0,2943.23,2,3
1638,0,40.0,0,2,0.6521001272804412,1895.05,2,3
1639,0,28.0,1,1,0.0,1706.13,2,3
1640,0,49.0,0,1,0.0,1244.44,2,2
1641,1,75.0,0,1,1.0,879.69,3,1
1642,1,38.0,1,4,1.0,592.18,2,1
1643,0,53.0,0,1,1.0,1418.4225770925111,2,2
1644,1,31.0,1,2,1.0,2453.53,2,3
1645,0,48.0,0,4,1.0,1418.4225770925111,2,2
1646,0,46.0,0,2,0.0,2621.11,2,3
1647,1,76.0,1,1,1.0,1734.75,3,3
1648,0,70.0,0,3,0.6521001272804412,1631.46,3,3
1649,1,62.0,1,4,1.0,909.53,3,1
1650,1,57.0,0,1,0.0,1359.64,2,2
1651,0,69.0,1,1,1.0,610.43,3,1
1652,0,39.0,1,2,0.0,1007.89,2,1
1653,1,58.0,0,4,1.0,2455.55,2,3
1654,0,32.0,0,1,0.6521001272804412,270.43,2,1
1655,1,46.0,0,2,1.0,1418.4225770925111,2,2
1656,0,55.0,0,1,0.0,1418.4225770925111,2,2
1657,1,51.0,1,1,1.0,1515.2,2,2
1658,0,50.0,1,2,1.0,927.66,2,1
1659,0,47.0,0,3,0.0,831.81,2,1
1660,0,65.0,0,1,0.0,1928.1,3,3
1661,1,56.0,1,3,1.0,142.06,2,1
1662,1,76.0,0,4,0.0,775.85,3,1
1663,1,46.0,1,2,0.6521001272804412,1418.4225770925111,2,2
1664,0,37.0,0,2,0.6521001272804412,1319.68,2,2
1665,0,18.0,0,1,1.0,1746.45,2,3
1666,0,68.0,1,1,1.0,569.55,3,1
1667,1,72.0,1,2,1.0,2727.77,3,3
1668,1,28.0,0,3,0.6521001272804412,1500.3,2,2
1669,0,72.0,1,1,0.0,2859.19,3,3
1670,1,78.0,1,3,0.0,575.15,3,1
1671,1,42.0,1,1,1.0,532.06,2,1
1672,1,22.0,1,1,0.0,432.25,2,1
1673,0,46.63765182186235,1,1,0.0,400.75,2,1
1674,0,70.0,0,2,1.0,1763.31,3,3
1675,0,54.0,0,2,1.0,1285.09,2,2
1676,1,42.0,0,3,1.0,932.8,2,1
1677,0,43.0,0,1,0.6521001272804412,2892.37,2,3
1678,0,48.0,0,1,0.0,830.35,2,1
1679,0,31.0,0,3,1.0,2778.69,2,3
1680,0,20.0,1,2,1.0,2463.71,2,3
1681,1,63.0,1,3,1.0,2777.64,3,3
1682,1,24.0,0,1,1.0,2977.78,2,3
1683,0,36.0,0,3,0.0,1713.06,2,3
1684,0,73.0,1,2,0.0,1480.73,3,2
1685,0,44.0,0,3,0.0,81.6,2,1
1686,0,48.0,1,4,0.0,1076.42,2,2
1687,1,42.0,0,4,0.6521001272804412,1757.22,2,3
1688,0,64.0,0,2,0.0,1809.51,3,3
1689,0,26.0,0,1,0.0,1594.05,2,3
1690,0,24.0,0,1,1.0,1399.66,2,2
1691,0,47.0,1,1,0.0,2712.34,2,3
1692,1,41.0,1,2,1.0,193.47,2,1
1693,1,35.0,1,3,1.0,1912.21,2,3
1694,1,75.0,1,1,1.0,1813.83,3,3
1695,0,58.0,0,1,0.0,1257.05,2,2
1696,0,27.0,1,1,0.0,477.56,2,1
1697,0,30.0,1,2,1.0,684.07,2,1
1698,0,53.0,1,2,1.0,2498.29,2,3
1699,1,27.0,0,1,1.0,1418.4225770925111,2,2
1700,0,53.0,1,1,1.0,2807.19,2,3
1701,1,29.0,1,2,1.0,1399.61,2,2
1702,0,37.0,1,4,0.6521001272804412,1572.17,2,3
1703,1,15.0,0,2,1.0,1622.68,1,3
1704,1,44.0,0,1,0.0,2620.07,2,3
1705,0,53.0,0,1,1.0,1083.79,2,2
1706,1,46.0,1,1,1.0,2047.83,2,3
1707,0,76.0,0,3,1.0,1858.94,3,3
1708,0,70.0,0,3,1.0,1194.36,3,2
1709,0,37.0,0,3,0.0,924.05,2,1
1710,1,27.0,0,3,0.0,1020.51,2,1
1711,0,46.0,0,1,1.0,1418.4225770925111,2,2
1712,0,65.0,0,3,0.0,1923.68,3,3
1713,0,39.0,0,4,1.0,515.31,2,1
1714,1,72.0,1,2,1.0,1418.4225770925111,3,2
1715,1,42.0,1,4,1.0,611.85,2,1
1716,0,25.0,0,1,0.0,1418.4225770925111,2,2
1717,1,41.0,0,3,1.0,1258.21,2,2
1718,0,57.0,0,1,1.0,1613.7,2,3
1719,0,22.0,1,1,1.0,1025.38,2,2
1720,1,40.0,1,1,1.0,2447.15,2,3
1721,0,49.0,0,1,1.0,757.25,2,1
1722,1,44.0,0,4,0.0,1418.4225770925111,2,2
1723,1,18.0,1,2,1.0,1418.4225770925111,2,2
1724,0,51.0,0,1,1.0,691.88,2,1
1725,1,34.0,1,1,0.0,1086.39,2,2
1726,1,35.0,0,4,1.0,1281.02,2,2
1727,0,54.0,0,4,0.0,2837.11,2,3
1728,1,20.0,0,1,1.0,956.47,2,1
1729,1,28.0,0,2,1.0,1169.07,2,2
1730,0,57.0,0,1,1.0,909.76,2,1
1731,1,47.0,0,2,1.0,2488.07,2,3
1732,1,35.0,0,1,1.0,2502.4,2,3
1733,1,24.0,0,3,0.0,2450.77,2,3
1734,1,55.0,0,2,0.6521001272804412,1596.82,2,3
1735,0,21.0,0,3,1.0,1738.33,2,3
1736,0,49.0,1,3,0.0,2716.49,2,3
1737,1,61.0,0,2,0.0,1399.42,3,2
1738,1,46.0,0,2,0.0,865.54,2,1
1739,1,54.0,0,1,1.0,1418.4225770925111,2,2
1740,0,28.0,0,2,1.0,2045.09,2,3
1741,1,49.0,0,3,1.0,1220.29,2,2
1742,1,54.0,0,1,0.6521001272804412,1733.0,2,3
1743,0,29.0,0,2,1.0,1418.4225770925111,2,2
1744,0,15.0,0,3,1.0,297.52,1,1
1745,1,71.0,0,2,0.0,1909.8,3,3
1746,0,22.0,0,2,1.0,2037.06,2,3
1747,0,26.0,0,3,0.0,1131.36,2,2
1748,1,78.0,0,1,0.0,1018.32,3,1
1749,0,22.0,0,3,1.0,632.71,2,1
1750,1,48.0,0,4,1.0,1133.85,2,2
1751,0,37.0,1,2,1.0,2059.67,2,3
1752,0,40.0,0,2,1.0,2060.98,2,3
1753,0,42.0,0,2,0.0,1418.4225770925111,2,2
1754,0,50.0,0,3,0.0,2073.99,2,3
1755,1,18.0,0,3,0.0,723.41,2,1
1756,1,16.0,1,1,1.0,2450.39,1,3
1757,0,71.0,1,2,0.0,2471.27,3,3
1758,1,30.0,1,2,1.0,617.17,2,1
1759,1,78.0,1,1,1.0,938.46,3,1
1760,1,27.0,0,2,1.0,1092.08,2,2
1761,0,67.0,1,3,1.0,102.33,3,1
1762,1,45.0,0,1,1.0,828.31,2,1
1763,0,72.0,0,2,1.0,2536.61,3,3
1764,1,77.0,1,2,0.6521001272804412,1160.23,3,2
1765,0,74.0,0,1,1.0,141.5,3,1
1766,1,61.0,1,2,1.0,1844.52,3,3
1767,0,35.0,0,1,1.0,891.61,2,1
1768,1,54.0,1,1,0.6521001272804412,1603.25,2,3
1769,1,30.0,1,3,0.6521001272804412,1452.53,2,2
1770,0,35.0,1,1,1.0,2514.29,2,3
1771,0,26.0,1,1,1.0,378.51,2,1
1772,0,46.0,0,1,1.0,1418.4225770925111,2,2
1773,0,65.0,0,2,1.0,218.78,3,1
1774,1,45.0,1,1,1.0,1762.76,2,3
1775,1,34.0,1,2,0.0,867.14,2,1
1776,1,53.0,0,1,1.0,1418.4225770925111,2,2
1777,1,32.0,1,1,0.0,2609.52,2,3
1778,1,41.0,1,3,1.0,1892.34,2,3
1779,1,27.0,0,2,0.0,2685.55,2,3
1780,0,35.0,1,2,1.0,1212.74,2,2
1781,1,51.0,0,2,1.0,495.37,2,1
1782,0,34.0,1,2,0.0,417.77,2,1
1783,1,30.0,1,3,0.0,772.82,2,1
1784,1,21.0,1,3,1.0,277.8,2,1
1785,1,77.0,0,2,0.0,1449.98,3,2
1786,1,31.0,0,1,1.0,550.23,2,1
1787,0,18.0,1,1,0.0,2540.03,2,3
1788,1,30.0,0,3,1.0,1116.37,2,2
1789,0,36.0,0,1,1.0,698.92,2,1
1790,1,54.0,0,2,1.0,1556.63,2,3
1791,0,38.0,0,3,0.0,1119.32,2,2
1792,0,67.0,0,2,1.0,1511.17,3,2
1793,1,44.0,0,3,1.0,1418.4225770925111,2,2
1794,0,52.0,0,1,1.0,2066.55,2,3
1795,1,55.0,0,2,1.0,800.72,2,1
1796,0,39.0,0,1,0.6521001272804412,1335.46,2,2
1797,1,37.0,1,2,0.0,488.18,2,1
1798,1,75.0,1,2,1.0,2497.31,3,3
1799,1,46.0,0,1,1.0,1418.4225770925111,2,2
1800,1,42.0,0,2,0.6521001272804412,474.06,2,1
1801,1,75.0,0,3,0.6521001272804412,59.24,3,1
1802,1,56.0,0,1,1.0,809.8,2,1
1803,1,18.0,0,4,1.0,1692.57,2,3
1804,1,55.0,1,1,1.0,1930.6,2,3
1805,0,29.0,1,2,1.0,1518.21,2,2
1806,1,66.0,1,1,0.0,355.09,3,1
1807,0,31.0,1,1,1.0,578.93,2,1
1808,1,17.0,1,1,1.0,2764.48,1,3
1809,0,68.0,0,2,0.0,372.21,3,1
1810,1,75.0,1,1,0.0,199.61,3,1
1811,1,71.0,0,4,0.0,1647.3,3,3
1812,0,53.0,0,1,0.0,1734.42,2,3
1813,0,53.0,0,3,1.0,247.44,2,1
1814,0,54.0,0,1,0.0,2539.28,2,3
1815,0,71.0,1,1,1.0,2940.18,3,3
1816,1,25.0,0,1,1.0,1243.87,2,2
1817,1,30.0,1,4,1.0,1426.62,2,2
1818,0,77.0,0,1,0.0,2455.7,3,3
1819,1,35.0,0,2,0.0,984.7,2,1
1820,1,52.0,1,1,1.0,91.32,2,1
1821,0,65.0,1,1,1.0,2747.01,3,3
1822,0,56.0,0,2,0.0,462.96,2,1
1823,1,22.0,0,1,0.0,350.72,2,1
1824,1,43.0,1,3,0.6521001272804412,2927.9,2,3
1825,0,60.0,0,2,0.0,2615.63,3,3
1826,0,59.0,1,3,0.0,2482.68,2,3
1827,0,16.0,0,2,0.0,2582.06,1,3
1828,0,76.0,0,3,0.0,1418.4225770925111,3,2
1829,1,53.0,1,1,1.0,756.77,2,1
1830,1,24.0,0,1,1.0,1760.72,2,3
1831,1,76.0,0,1,1.0,1079.16,3,2
1832,0,77.0,0,2,1.0,2924.2,3,3
1833,1,46.63765182186235,1,3,0.0,629.9,2,1
1834,0,21.0,0,4,1.0,2749.37,2,3
1835,0,52.0,0,2,1.0,1186.99,2,2
1836,1,29.0,1,2,0.0,2483.15,2,3
1837,0,40.0,0,1,0.0,1418.4225770925111,2,2
1838,0,36.0,0,4,1.0,1956.08,2,3
1839,0,35.0,1,3,1.0,2819.1,2,3
1840,0,63.0,0,1,1.0,104.94,3,1
1841,0,34.0,0,2,1.0,520.58,2,1
1842,1,68.0,0,2,1.0,1836.9,3,3
1843,0,73.0,1,3,1.0,2816.59,3,3
1844,0,24.0,0,4,1.0,16.27,2,1
1845,0,77.0,0,1,1.0,1036.59,3,2
1846,0,57.0,0,2,0.0,1890.94,2,3
1847,0,58.0,0,3,0.0,1874.12,2,3
1848,1,40.0,1,2,1.0,1418.4225770925111,2,2
1849,0,73.0,0,1,0.0,431.2,3,1
1850,0,75.0,0,1,1.0,1644.28,3,3
1851,0,44.0,1,2,1.0,242.71,2,1
1852,1,38.0,0,2,1.0,352.53,2,1
1853,1,18.0,0,1,0.0,1418.4225770925111,2,2
1854,1,31.0,0,1,1.0,1902.13,2,3
1855,0,54.0,1,1,0.0,869.32,2,1
1856,0,18.0,0,2,0.6521001272804412,2091.73,2,3
1857,0,24.0,0,1,0.0,385.6,2,1
1858,1,66.0,0,1,1.0,352.63,3,1
1859,0,77.0,1,1,0.0,137.36,3,1
1860,0,69.0,0,1,0.0,825.15,3,1
1861,0,42.0,1,2,1.0,760.47,2,1
1862,1,20.0,0,4,1.0,832.07,2,1
1863,0,75.0,1,1,0.0,1267.48,3,2
1864,1,20.0,1,3,1.0,1119.94,2,2
1865,0,36.0,1,3,1.0,2677.95,2,3
1866,1,28.0,1,4,0.6521001272804412,1090.75,2,2
1867,1,24.0,0,4,1.0,1857.82,2,3
1868,0,18.0,0,4,1.0,534.11,2,1
1869,0,63.0,1,2,1.0,2447.83,3,3
1870,1,59.0,1,4,0.6521001272804412,1944.26,2,3
1871,0,78.0,1,2,0.0,1418.4225770925111,3,2
1872,1,21.0,0,4,0.0,1418.4225770925111,2,2
1873,1,32.0,1,1,1.0,34.45,2,1
1874,1,47.0,0,1,0.0,2036.57,2,3
1875,1,34.0,0,3,1.0,2669.55,2,3
1876,0,26.0,0,2,0.0,2520.87,2,3
1877,1,43.0,1,2,1.0,388.15,2,1
1878,1,34.0,1,2,0.6521001272804412,2858.05,2,3
1879,1,17.0,1,1,0.0,172.4,1,1
1880,0,30.0,0,1,1.0,807.71,2,1
1881,0,40.0,0,2,0.0,1716.37,2,3
1882,1,38.0,1,4,0.0,1450.28,2,2
1883,0,21.0,0,4,1.0,1418.4225770925111,2,2
1884,1,31.0,0,1,1.0,2870.05,2,3
1885,1,35.0,1,1,0.0,1645.67,2,3
1886,0,71.0,0,2,1.0,88.8,3,1
1887,1,61.0,1,2,1.0,1840.99,3,3
1888,0,49.0,0,1,1.0,1418.4225770925111,2,2
1889,1,16.0,0,3,1.0,1974.17,1,3
1890,1,20.0,0,3,0.0,2509.53,2,3
1891,1,48.0,0,4,0.0,164.35,2,1
1892,0,27.0,1,1,0.0,1344.98,2,2
1893,0,46.63765182186235,0,1,1.0,1169.16,2,2
1894,1,40.0,0,4,1.0,1753.77,2,3
1895,0,62.0,1,2,1.0,267.21,3,1
1896,1,16.0,1,2,1.0,1048.26,1,2
1897,1,49.0,0,2,1.0,1778.27,2,3
1898,1,40.0,0,2,0.0,1093.36,2,2
1899,0,42.0,1,2,1.0,1418.4225770925111,2,2
1900,0,51.0,1,2,1.0,2724.02,2,3
1901,0,44.0,1,4,1.0,1619.53,2,3
1902,0,43.0,1,3,0.6521001272804412,2793.87,2,3
1903,1,16.0,0,1,1.0,1342.6,1,2
1904,1,54.0,0,2,1.0,2977.82,2,3
1905,0,78.0,1,1,0.0,1986.97,3,3
1906,0,48.0,0,2,1.0,2559.26,2,3
1907,1,49.0,1,1,1.0,1418.4225770925111,2,2
1908,1,30.0,1,2,0.0,1578.74,2,3
1909,0,66.0,1,2,1.0,726.0,3,1
1910,0,60.0,1,1,0.6521001272804412,1418.4225770925111,3,2
1911,1,32.0,1,1,1.0,2403.94,2,3
1912,0,30.0,0,3,1.0,2709.67,2,3
1913,1,55.0,0,2,1.0,1418.4225770925111,2,2
1914,0,47.0,0,2,1.0,2970.0,2,3
1915,0,35.0,1,2,0.0,423.77,2,1
1916,1,37.0,1,1,1.0,1044.41,2,2
1917,1,27.0,1,2,1.0,985.3,2,1
1918,0,30.0,0,2,1.0,1345.41,2,2
1919,1,46.63765182186235,0,2,0.0,651.96,2,1
1920,0,75.0,1,1,0.0,2870.69,3,3
1921,0,27.0,0,1,1.0,2538.15,2,3
1922,0,76.0,1,2,0.0,703.3,3,1
1923,0,68.0,0,1,1.0,208.26,3,1
1924,0,46.63765182186235,0,2,0.0,1214.75,2,2
1925,1,68.0,1,1,1.0,1095.55,3,2
1926,1,72.0,1,2,1.0,2563.19,3,3
1927,1,74.0,0,1,0.0,731.47,3,1
1928,1,66.0,0,1,0.0,208.14,3,1
1929,1,52.0,0,3,1.0,1060.51,2,2
1930,1,16.0,0,4,0.0,1938.48,1,3
1931,1,26.0,1,2,0.0,1955.97,2,3
1932,1,65.0,0,1,0.0,1296.92,3,2
1933,1,32.0,1,2,1.0,599.19,2,1
1934,1,39.0,1,1,0.0,150.19,2,1
1935,1,33.0,0,3,1.0,84.21,2,1
1936,0,21.0,0,1,1.0,1418.4225770925111,2,2
1937,0,63.0,0,3,1.0,1083.72,3,2
1938,1,70.0,0,2,1.0,1224.93,3,2
1939,1,25.0,1,1,1.0,2051.04,2,3
1940,1,47.0,0,2,1.0,196.97,2,1
1941,1,43.0,1,2,1.0,870.88,2,1
1942,0,59.0,0,1,0.0,2548.51,2,3
1943,0,43.0,1,3,0.0,177.74,2,1
1944,0,71.0,0,3,1.0,164.79,3,1
1945,0,27.0,1,1,1.0,451.58,2,1
1946,0,71.0,0,1,1.0,729.87,3,1
1947,1,30.0,0,3,1.0,780.98,2,1
1948,1,72.0,0,1,0.0,1208.48,3,2
1949,1,21.0,1,3,1.0,1938.48,2,3
1950,0,29.0,0,4,1.0,1418.4225770925111,2,2
1951,0,47.0,0,2,1.0,482.57,2,1
1952,1,44.0,0,3,1.0,620.36,2,1
1953,0,42.0,1,3,1.0,1281.68,2,2
1954,0,43.0,1,1,0.0,2414.37,2,3
1955,1,56.0,0,3,1.0,495.88,2,1
1956,1,72.0,1,1,1.0,2716.94,3,3
1957,0,75.0,0,2,1.0,31.41,3,1
1958,0,56.0,0,3,0.0,316.1,2,1
1959,0,16.0,1,3,0.0,1479.99,1,2
1960,1,34.0,0,2,1.0,153.55,2,1
1961,0,27.0,0,1,0.0,1444.21,2,2
1962,1,67.0,0,1,0.0,2038.12,3,3
1963,0,59.0,1,3,1.0,1418.4225770925111,2,2
1964,1,49.0,0,3,0.0,382.8,2,1
1965,1,19.0,1,3,1.0,1967.6,2,3
1966,0,26.0,0,3,1.0,2520.52,2,3
1967,1,75.0,0,1,1.0,383.86,3,1
1968,1,19.0,0,2,0.6521001272804412,1694.95,2,3
1969,1,26.0,1,2,0.0,1220.65,2,2
1970,0,68.0,1,1,1.0,2485.02,3,3
1971,0,66.0,1,1,1.0,542.29,3,1
1972,1,53.0,1,2,1.0,1858.83,2,3
1973,1,73.0,0,1,0.0,1418.4225770925111,3,2
1974,0,41.0,0,3,0.0,932.17,2,1
1975,0,63.0,1,4,1.0,748.66,3,1
1976,0,53.0,1,4,0.0,2007.91,2,3
1977,0,63.0,1,3,1.0,1778.43,3,3
1978,0,49.0,1,2,0.0,2832.99,2,3
1979,1,54.0,0,2,0.0,2543.82,2,3
1980,0,30.0,0,3,0.0,2087.13,2,3
1981,1,73.0,1,2,1.0,2756.36,3,3
1982,1,57.0,1,2,1.0,1128.68,2,2
1983,0,19.0,1,2,1.0,2440.45,2,3
1984,0,43.0,1,1,0.0,435.6,2,1
1985,0,43.0,0,1,1.0,1418.4225770925111,2,2
1986,1,75.0,1,1,0.0,2922.89,3,3
1987,0,19.0,0,1,1.0,538.1,2,1
1988,0,34.0,1,2,1.0,361.86,2,1
1989,1,44.0,1,2,1.0,242.61,2,1
1990,0,47.0,1,3,0.0,613.13,2,1
1991,0,24.0,0,4,0.0,1418.4225770925111,2,2
1992,1,42.0,0,3,1.0,190.93,2,1
1993,0,66.0,0,4,1.0,783.81,3,1
1994,0,22.0,0,1,1.0,1682.07,2,3
1995,0,46.0,0,1,1.0,2714.1,2,3
1996,1,54.0,0,1,1.0,1545.32,2,3
1997,0,50.0,0,2,1.0,541.23,2,1
1998,1,55.0,1,1,1.0,1015.84,2,1
1999,0,21.0,0,1,0.6521001272804412,2551.32,2,3
2000,0,46.63765182186235,0,3,0.0,2094.06,2,3
2001,0,46.63765182186235,0,1,0.0,1954.13,2,3
2002,0,55.0,1,1,0.0,299.81,2,1
2003,0,46.63765182186235,0,1,0.0,732.77,2,1
2004,0,60.0,0,4,0.0,2785.78,3,3
2005,0,41.0,0,1,1.0,1418.4225770925111,2,2
2006,0,57.0,1,2,1.0,1418.4225770925111,2,2
2007,0,17.0,0,1,1.0,583.9,1,1
2008,1,60.0,1,1,1.0,1418.4225770925111,3,2
2009,1,30.0,1,3,1.0,434.06,2,1
2010,0,67.0,1,2,1.0,2681.44,3,3
2011,0,38.0,0,4,0.0,1350.37,2,2
2012,1,15.0,1,2,1.0,1801.22,1,3
2013,0,60.0,1,3,1.0,489.16,3,1
2014,1,41.0,1,3,1.0,523.59,2,1
2015,1,36.0,1,2,1.0,1820.75,2,3
2016,0,35.0,0,1,1.0,698.05,2,1
2017,0,31.0,0,4,0.0,2779.17,2,3
2018,0,20.0,0,1,0.0,1425.69,2,2
2019,1,65.0,0,1,1.0,2457.43,3,3
2020,0,43.0,0,1,1.0,1267.55,2,2
2021,1,67.0,0,4,1.0,735.56,3,1
2022,1,28.0,0,1,0.6521001272804412,2015.34,2,3
2023,0,47.0,0,3,1.0,456.3,2,1
2024,0,54.0,1,1,1.0,2033.16,2,3
2025,1,64.0,0,3,0.6521001272804412,1590.5,3,3
2026,0,57.0,1,1,1.0,99.12,2,1
2027,0,25.0,0,1,1.0,1208.41,2,2
2028,0,37.0,1,1,1.0,1368.19,2,2
2029,1,19.0,1,1,1.0,2888.8,2,3
2030,1,67.0,0,4,0.0,869.06,3,1
2031,0,68.0,1,1,1.0,2925.27,3,3
2032,0,51.0,0,1,0.0,1305.12,2,2
2033,1,53.0,0,1,0.0,2736.47,2,3
2034,0,26.0,0,1,0.6521001272804412,215.5,2,1
2035,0,18.0,1,1,1.0,76.69,2,1
2036,1,42.0,0,3,1.0,2093.72,2,3
2037,0,48.0,0,1,1.0,145.99,2,1
2038,0,20.0,0,1,1.0,1324.12,2,2
2039,0,26.0,0,4,0.0,713.62,2,1
2040,0,63.0,1,1,1.0,2008.03,3,3
2041,0,49.0,0,1,0.6521001272804412,1418.4225770925111,2,2
2042,0,47.0,1,1,0.0,1613.49,2,3
2043,1,32.0,0,1,0.0,826.72,2,1
2044,1,27.0,1,1,1.0,1012.94,2,1
2045,1,46.63765182186235,0,1,0.0,1088.41,2,2
2046,0,26.0,0,2,0.0,2417.1,2,3
2047,0,20.0,1,2,0.0,774.8,2,1
2048,1,45.0,1,1,1.0,1407.18,2,2
2049,1,52.0,0,3,0.0,1148.69,2,2
2050,0,25.0,0,2,1.0,1280.63,2,2
2051,1,15.0,0,1,1.0,1173.06,1,2
2052,0,22.0,1,2,0.0,2498.24,2,3
2053,0,17.0,0,1,0.0,1086.53,1,2
2054,1,16.0,0,2,1.0,139.78,1,1
2055,1,20.0,1,3,1.0,1079.45,2,2
2056,1,39.0,1,4,0.0,861.01,2,1
2057,1,46.63765182186235,0,2,1.0,104.03,2,1
2058,1,31.0,1,3,1.0,1759.25,2,3
2059,1,17.0,0,3,0.0,1764.83,1,3
2060,1,24.0,1,3,0.0,895.26,2,1
2061,0,77.0,1,1,0.0,439.56,3,1
2062,1,25.0,1,1,0.0,473.88,2,1
2063,0,58.0,0,2,1.0,2602.81,2,3
2064,1,47.0,0,1,1.0,1166.14,2,2
2065,1,62.0,0,3,0.0,926.8,3,1
2066,0,59.0,0,1,1.0,1385.15,2,2
2067,0,30.0,1,3,1.0,329.11,2,1
2068,0,70.0,1,2,0.6521001272804412,1032.03,3,2
2069,1,22.0,1,3,1.0,445.39,2,1
2070,1,27.0,0,1,1.0,1778.9,2,3
2071,1,56.0,0,3,1.0,2559.54,2,3
2072,1,53.0,1,2,1.0,1367.36,2,2
2073,1,76.0,0,4,1.0,1845.62,3,3
2074,1,46.0,1,1,1.0,584.71,2,1
2075,1,61.0,0,2,0.0,2412.48,3,3
2076,0,72.0,1,1,1.0,2710.98,3,3
2077,1,74.0,0,3,0.0,2548.97,3,3
2078,1,44.0,0,3,1.0,792.2,2,1
2079,0,36.0,0,1,0.6521001272804412,1436.94,2,2
2080,0,39.0,0,2,1.0,1275.22,2,2
2081,0,64.0,1,1,1.0,2563.32,3,3
2082,0,56.0,1,3,0.0,114.48,2,1
2083,0,61.0,1,1,0.0,220.16,3,1
2084,0,65.0,1,2,1.0,20.25,3,1
2085,0,69.0,1,2,0.0,1603.13,3,3
2086,0,33.0,0,4,0.0,1639.64,2,3
2087,1,18.0,0,1,1.0,2444.11,2,3
2088,1,48.0,1,4,1.0,1993.95,2,3
2089,0,35.0,0,2,0.0,99.16,2,1
2090,1,55.0,0,1,1.0,2546.7,2,3
2091,1,65.0,1,1,1.0,685.75,3,1
2092,1,26.0,0,2,1.0,810.33,2,1
2093,0,33.0,1,3,0.0,981.15,2,1
2094,1,28.0,1,1,1.0,1642.31,2,3
2095,0,68.0,1,3,1.0,617.11,3,1
2096,1,38.0,0,2,0.0,292.11,2,1
2097,0,78.0,0,1,0.0,1123.54,3,2
2098,0,78.0,0,1,1.0,567.74,3,1
2099,1,25.0,1,1,1.0,1418.4225770925111,2,2
2100,0,38.0,0,1,1.0,1418.4225770925111,2,2
2101,0,31.0,1,2,0.0,1190.37,2,2
2102,1,33.0,0,1,0.0,2621.91,2,3
2103,1,39.0,0,1,0.0,2442.77,2,3
2104,0,49.0,0,1,0.0,816.72,2,1
2105,0,65.0,1,1,1.0,2445.02,3,3
2106,1,31.0,0,1,1.0,1097.81,2,2
2107,1,18.0,0,3,1.0,1623.73,2,3
2108,0,46.63765182186235,0,3,1.0,1267.04,2,2
2109,1,16.0,0,3,1.0,1810.74,1,3
2110,0,35.0,0,2,1.0,1851.58,2,3
2111,1,40.0,1,2,1.0,862.93,2,1
2112,0,22.0,1,2,1.0,2752.98,2,3
2113,1,76.0,0,1,1.0,713.87,3,1
2114,1,24.0,1,2,0.0,2440.49,2,3
2115,0,61.0,1,4,1.0,1999.03,3,3
2116,1,34.0,1,4,1.0,1041.62,2,2
2117,1,71.0,1,2,1.0,1736.68,3,3
2118,0,54.0,0,2,1.0,1464.56,2,2
2119,0,50.0,1,2,1.0,1418.4225770925111,2,2
2120,0,70.0,1,4,0.0,386.66,3,1
2121,0,17.0,1,1,0.0,1289.19,1,2
2122,1,77.0,0,2,1.0,856.67,3,1
2123,1,46.63765182186235,0,2,1.0,1418.4225770925111,2,2
2124,0,59.0,1,1,1.0,1418.4225770925111,2,2
2125,1,52.0,1,4,1.0,2579.67,2,3
2126,1,72.0,0,3,1.0,1552.2,3,3
2127,1,19.0,0,2,1.0,1573.94,2,3
2128,0,24.0,0,1,1.0,417.25,2,1
2129,1,63.0,1,1,1.0,2622.91,3,3
2130,1,46.63765182186235,1,2,0.0,2416.8,2,3
2131,0,70.0,1,1,0.0,2407.4,3,3
2132,0,51.0,0,2,1.0,2771.84,2,3
2133,1,78.0,1,1,1.0,1664.96,3,3
2134,1,55.0,1,1,1.0,813.32,2,1
2135,1,54.0,0,3,0.0,1313.94,2,2
2136,1,48.0,0,2,0.0,2984.37,2,3
2137,0,51.0,0,2,1.0,145.65,2,1
2138,0,53.0,0,1,1.0,1418.4225770925111,2,2
2139,1,73.0,0,2,1.0,1954.17,3,3
2140,0,15.0,1,3,0.0,2085.21,1,3
2141,0,64.0,0,3,1.0,612.08,3,1
2142,0,65.0,0,2,1.0,773.1,3,1
2143,1,39.0,1,2,1.0,2757.0,2,3
2144,1,67.0,1,2,1.0,899.21,3,1
2145,0,31.0,0,1,1.0,191.21,2,1
2146,0,60.0,0,2,1.0,2802.74,3,3
2147,0,27.0,1,1,0.0,1767.95,2,3
2148,1,69.0,1,4,0.0,1418.4225770925111,3,2
2149,0,29.0,1,2,0.6521001272804412,1720.27,2,3
2150,0,56.0,1,1,1.0,305.32,2,1
2151,1,22.0,0,2,0.0,1849.77,2,3
2152,0,72.0,0,4,1.0,784.12,3,1
2153,0,22.0,1,2,1.0,1664.15,2,3
2154,1,72.0,0,1,0.0,892.56,3,1
2155,0,71.0,0,2,1.0,2040.65,3,3
2156,0,54.0,1,3,1.0,2962.07,2,3
2157,0,72.0,0,3,1.0,842.61,3,1
2158,0,27.0,1,3,1.0,1901.82,2,3
2159,0,58.0,1,1,1.0,1418.4225770925111,2,2
2160,1,70.0,0,1,1.0,2702.62,3,3
2161,0,17.0,0,1,1.0,2548.3,1,3
2162,0,33.0,1,1,1.0,1757.72,2,3
2163,1,25.0,0,2,1.0,2971.65,2,3
2164,1,57.0,1,2,1.0,1465.94,2,2
2165,1,15.0,0,1,1.0,2594.06,1,3
2166,0,44.0,0,2,0.0,2440.23,2,3
2167,0,77.0,1,1,0.0,1786.14,3,3
2168,1,52.0,0,1,1.0,1390.89,2,2
2169,1,30.0,1,1,0.0,2836.21,2,3
2170,0,40.0,0,3,1.0,52.16,2,1
2171,0,61.0,0,2,0.6521001272804412,1418.4225770925111,3,2
2172,0,46.63765182186235,1,1,0.0,921.0,2,1
2173,1,70.0,0,1,1.0,379.72,3,1
2174,0,67.0,0,1,0.0,1393.51,3,2
2175,0,69.0,0,4,0.0,2099.17,3,3
2176,1,21.0,0,3,1.0,2899.22,2,3
2177,0,75.0,0,2,1.0,751.7,3,1
2178,1,40.0,1,2,1.0,961.59,2,1
2179,0,32.0,0,1,0.0,464.15,2,1
2180,0,65.0,0,2,0.6521001272804412,1154.5,3,2
2181,0,60.0,0,1,1.0,2634.69,3,3
2182,1,31.0,0,1,1.0,1624.83,2,3
2183,0,15.0,0,3,1.0,1418.4225770925111,1,2
2184,0,60.0,1,1,1.0,857.15,3,1
2185,1,37.0,0,1,1.0,30.18,2,1
2186,0,59.0,0,3,0.0,2723.15,2,3
2187,1,44.0,0,2,0.6521001272804412,186.96,2,1
2188,0,66.0,0,1,0.0,1995.47,3,3
2189,0,74.0,0,3,0.6521001272804412,683.1,3,1
2190,1,24.0,0,1,1.0,2904.41,2,3
2191,0,50.0,0,2,1.0,1943.56,2,3
2192,0,77.0,0,4,1.0,388.48,3,1
2193,0,32.0,0,1,1.0,658.71,2,1
2194,1,51.0,0,1,0.6521001272804412,1534.53,2,2
2195,1,55.0,0,1,0.0,2762.96,2,3
2196,0,47.0,0,1,0.6521001272804412,165.28,2,1
2197,1,55.0,0,2,1.0,1450.74,2,2
2198,0,31.0,0,2,1.0,1050.09,2,2
2199,0,25.0,0,1,0.0,1049.48,2,2
2200,1,29.0,0,1,1.0,1143.58,2,2
2201,0,34.0,1,1,1.0,1499.17,2,2
2202,0,37.0,0,1,1.0,539.01,2,1
2203,1,16.0,1,3,1.0,1707.07,1,3
2204,0,16.0,1,2,0.0,1357.78,1,2
2205,1,65.0,0,2,0.0,146.27,3,1
2206,0,59.0,1,2,1.0,344.74,2,1
2207,0,59.0,0,1,1.0,2767.44,2,3
2208,1,64.0,1,3,1.0,1576.4,3,3
2209,0,74.0,1,1,1.0,529.33,3,1
2210,0,73.0,0,2,1.0,518.79,3,1
2211,0,40.0,0,2,1.0,68.17,2,1
2212,1,63.0,1,4,1.0,752.47,3,1
2213,0,77.0,1,3,1.0,980.27,3,1
2214,1,73.0,1,2,0.0,1901.51,3,3
2215,1,28.0,1,4,1.0,361.67,2,1
2216,0,30.0,1,3,1.0,1511.14,2,2
2217,0,16.0,1,2,0.0,1922.05,1,3
2218,0,29.0,0,2,1.0,1728.28,2,3
2219,1,62.0,0,1,1.0,1972.9,3,3
2220,0,59.0,1,1,1.0,2743.95,2,3
2221,1,76.0,1,4,0.0,2642.85,3,3
2222,1,62.0,0,1,1.0,197.81,3,1
2223,0,66.0,1,3,1.0,2789.52,3,3
2224,1,78.0,0,2,1.0,582.83,3,1
2225,1,71.0,1,2,1.0,1043.77,3,2
2226,0,57.0,1,3,1.0,1361.9,2,2
2227,0,55.0,1,2,0.0,1322.29,2,2
2228,1,45.0,0,4,1.0,2625.81,2,3
2229,1,26.0,1,1,1.0,411.3,2,1
2230,1,38.0,1,2,1.0,2796.49,2,3
2231,0,78.0,0,3,1.0,820.26,3,1
2232,1,54.0,0,1,1.0,943.59,2,1
2233,1,17.0,0,4,1.0,350.59,1,1
2234,0,77.0,1,2,1.0,835.4,3,1
2235,0,16.0,1,4,0.0,61.1,1,1
2236,1,33.0,0,1,0.0,561.13,2,1
2237,1,26.0,0,3,1.0,2463.77,2,3
2238,1,58.0,0,2,1.0,388.65,2,1
2239,1,31.0,0,1,1.0,2573.89,2,3
2240,1,37.0,0,1,0.0,1418.4225770925111,2,2
2241,0,45.0,1,2,0.0,1740.68,2,3
2242,1,58.0,1,3,1.0,406.8,2,1
2243,1,32.0,0,2,0.0,8.79,2,1
2244,0,55.0,1,2,1.0,1861.71,2,3
2245,1,47.0,0,2,0.0,2464.24,2,3
2246,0,41.0,0,2,1.0,2411.32,2,3
2247,1,52.0,0,1,1.0,2757.38,2,3
2248,0,49.0,0,3,0.0,560.58,2,1
2249,0,48.0,0,3,0.0,307.25,2,1
2250,1,75.0,0,2,0.0,552.88,3,1
2251,1,40.0,1,1,1.0,728.42,2,1
2252,0,57.0,0,2,1.0,850.31,2,1
2253,0,33.0,0,1,1.0,327.92,2,1
2254,0,17.0,0,1,1.0,814.12,1,1
2255,1,67.0,0,3,0.0,1002.98,3,1
2256,0,24.0,1,3,1.0,1097.14,2,2
2257,1,74.0,1,1,1.0,444.28,3,1
2258,0,66.0,1,4,1.0,720.07,3,1
2259,1,16.0,0,1,1.0,190.56,1,1
2260,1,62.0,1,2,1.0,449.25,3,1
2261,1,45.0,0,2,1.0,49.53,2,1
2262,0,47.0,1,2,0.0,1085.63,2,2
2263,1,16.0,1,2,1.0,1418.4225770925111,1,2
2264,1,76.0,0,1,1.0,2637.0,3,3
2265,1,48.0,0,1,1.0,450.03,2,1
2266,1,64.0,0,2,1.0,1614.06,3,3
2267,1,67.0,0,2,1.0,221.17,3,1
2268,1,17.0,1,1,0.0,2029.38,1,3
2269,1,25.0,0,3,1.0,1418.4225770925111,2,2
2270,1,76.0,0,2,0.6521001272804412,1418.4225770925111,3,2
2271,1,77.0,1,2,1.0,190.7,3,1
2272,0,40.0,1,1,1.0,2796.51,2,3
2273,1,30.0,0,1,0.0,1434.72,2,2
2274,1,39.0,0,1,1.0,1519.41,2,2
2275,1,70.0,0,1,1.0,89.2,3,1
2276,0,66.0,0,1,1.0,2547.85,3,3
2277,1,76.0,0,3,0.0,1418.4225770925111,3,2
2278,1,25.0,0,1,1.0,2661.45,2,3
2279,0,78.0,1,1,1.0,2997.21,3,3
2280,0,60.0,0,3,0.0,2564.53,3,3
2281,0,34.0,0,3,0.0,1456.63,2,2
2282,0,15.0,1,3,1.0,1026.91,1,2
2283,1,60.0,0,3,1.0,1945.24,3,3
2284,1,25.0,0,1,1.0,336.18,2,1
2285,0,28.0,1,1,1.0,1065.88,2,2
2286,1,41.0,0,3,1.0,1672.59,2,3
2287,1,34.0,0,4,0.6521001272804412,1418.4225770925111,2,2
2288,1,40.0,1,2,1.0,2760.95,2,3
2289,1,15.0,0,1,1.0,2640.34,1,3
2290,1,58.0,0,1,1.0,2053.92,2,3
2291,0,45.0,1,2,1.0,2696.53,2,3
2292,1,49.0,1,1,1.0,1121.65,2,2
2293,0,36.0,1,2,1.0,2442.8,2,3
2294,0,26.0,0,3,1.0,2471.02,2,3
2295,1,31.0,0,2,1.0,270.1,2,1
2296,0,18.0,1,2,1.0,1418.4225770925111,2,2
2297,0,46.0,0,2,0.0,2025.0,2,3
2298,0,27.0,0,1,1.0,336.5,2,1
2299,0,74.0,0,1,1.0,1168.23,3,2
2300,0,68.0,0,1,0.0,233.14,3,1
2301,0,62.0,0,3,0.0,336.99,3,1
2302,0,74.0,1,3,0.0,212.78,3,1
2303,1,55.0,1,2,0.0,2063.92,2,3
2304,0,68.0,0,2,1.0,1379.05,3,2
2305,0,33.0,1,4,0.0,1966.2,2,3
2306,0,78.0,0,4,1.0,2943.5,3,3
2307,1,50.0,1,4,0.0,109.06,2,1
2308,0,53.0,1,4,1.0,2951.27,2,3
2309,1,73.0,0,2,1.0,1418.4225770925111,3,2
2310,0,28.0,1,1,1.0,1662.19,2,3
2311,0,54.0,1,4,1.0,1231.76,2,2
2312,1,25.0,1,2,1.0,988.54,2,1
2313,0,22.0,1,2,1.0,1418.4225770925111,2,2
2314,0,78.0,1,2,0.0,2570.64,3,3
2315,0,54.0,0,1,0.6521001272804412,2710.03,2,3
2316,1,45.0,0,2,1.0,2574.08,2,3
2317,0,18.0,1,2,0.0,2507.85,2,3
2318,1,15.0,0,3,0.0,2735.65,1,3
2319,0,48.0,1,1,1.0,1435.56,2,2
2320,1,27.0,0,3,0.0,682.16,2,1
2321,1,31.0,0,3,0.0,1104.7,2,2
2322,0,76.0,0,3,1.0,631.89,3,1
2323,0,24.0,0,4,1.0,339.26,2,1
2324,0,61.0,0,2,1.0,1434.58,3,2
2325,1,63.0,1,3,1.0,771.37,3,1
2326,0,75.0,0,2,1.0,2549.31,3,3
2327,0,64.0,1,3,1.0,2747.77,3,3
2328,1,49.0,0,1,0.0,2454.37,2,3
2329,1,36.0,0,4,0.0,195.66,2,1
2330,0,73.0,1,3,0.0,1623.74,3,3
2331,1,24.0,1,1,1.0,94.58,2,1
2332,0,56.0,0,2,1.0,1566.57,2,3
2333,0,45.0,1,2,1.0,1813.16,2,3
2334,1,68.0,0,2,0.0,847.13,3,1
2335,0,58.0,1,3,1.0,29.41,2,1
2336,0,46.63765182186235,0,2,0.0,1518.77,2,2
2337,0,38.0,0,1,1.0,36.74,2,1
2338,1,35.0,1,1,0.0,74.37,2,1
2339,0,42.0,1,3,0.0,2609.18,2,3
2340,0,46.0,0,2,1.0,156.72,2,1
2341,0,39.0,1,2,0.0,1629.84,2,3
2342,0,65.0,1,3,0.0,2683.44,3,3
2343,0,68.0,1,3,0.0,697.53,3,1
2344,0,25.0,0,2,1.0,2607.49,2,3
2345,1,21.0,1,1,1.0,1418.4225770925111,2,2
2346,1,62.0,0,2,1.0,1285.31,3,2
2347,1,18.0,1,1,1.0,2738.31,2,3
2348,0,27.0,0,2,1.0,413.11,2,1
2349,1,53.0,1,1,0.0,2038.05,2,3
2350,0,44.0,1,3,1.0,2706.04,2,3
2351,0,25.0,1,3,1.0,488.52,2,1
2352,0,42.0,1,2,1.0,1001.19,2,1
2353,0,52.0,0,3,1.0,1418.4225770925111,2,2
2354,0,28.0,1,1,1.0,1418.4225770925111,2,2
2355,0,21.0,0,3,0.0,2479.65,2,3
2356,1,37.0,0,4,1.0,1160.6,2,2
2357,0,52.0,0,1,1.0,1984.18,2,3
2358,0,61.0,0,1,0.6521001272804412,1295.63,3,2
2359,1,51.0,0,3,1.0,765.27,2,1
2360,1,15.0,1,1,0.0,342.19,1,1
2361,1,54.0,0,3,1.0,1869.55,2,3
2362,0,50.0,0,3,1.0,1837.98,2,3
2363,0,41.0,0,3,1.0,626.67,2,1
2364,0,33.0,0,1,1.0,2936.58,2,3
2365,0,78.0,0,1,1.0,1418.4225770925111,3,2
2366,0,17.0,0,1,0.0,147.48,1,1
2367,1,39.0,1,3,0.0,2995.73,2,3
2368,0,40.0,0,1,0.0,2687.32,2,3
2369,0,20.0,0,3,0.0,1796.78,2,3
2370,0,43.0,0,3,1.0,1924.59,2,3
2371,0,34.0,1,4,1.0,743.18,2,1
2372,1,20.0,0,2,1.0,1867.03,2,3
2373,0,45.0,1,3,1.0,2565.21,2,3
2374,1,54.0,1,1,1.0,2092.96,2,3
2375,0,27.0,0,3,1.0,1278.71,2,2
2376,0,39.0,0,2,0.0,1974.54,2,3
2377,0,44.0,0,1,0.0,2473.98,2,3
2378,1,41.0,0,1,1.0,1370.5,2,2
2379,0,34.0,1,1,0.0,77.9,2,1
2380,0,78.0,1,3,1.0,1611.28,3,3
2381,1,33.0,1,1,0.0,232.2,2,1
2382,0,20.0,0,1,1.0,1125.4,2,2
2383,0,60.0,0,3,1.0,2740.52,3,3
2384,1,51.0,0,3,1.0,161.58,2,1
2385,0,59.0,0,3,1.0,240.24,2,1
2386,1,40.0,0,2,1.0,1059.16,2,2
2387,0,38.0,1,4,1.0,1418.4225770925111,2,2
2388,0,46.63765182186235,0,3,0.0,1467.3,2,2
2389,0,16.0,0,1,0.0,2778.65,1,3
2390,0,22.0,0,2,1.0,2712.05,2,3
2391,0,33.0,0,1,1.0,662.36,2,1
2392,1,46.0,1,2,1.0,1327.68,2,2
2393,0,54.0,0,2,0.0,1201.9,2,2
2394,0,74.0,1,3,1.0,1708.56,3,3
2395,0,43.0,1,3,1.0,1107.84,2,2
2396,0,64.0,0,2,1.0,1037.93,3,2
2397,0,54.0,1,1,1.0,1418.4225770925111,2,2
2398,1,35.0,1,3,1.0,1167.2,2,2
2399,0,31.0,0,1,0.6521001272804412,2890.79,2,3
2400,1,43.0,0,1,1.0,2436.3,2,3
2401,0,60.0,1,1,1.0,2.84,3,1
2402,0,21.0,0,2,1.0,1425.66,2,2
2403,0,15.0,0,1,0.0,2643.85,1,3
2404,0,39.0,1,1,1.0,2954.83,2,3
2405,0,39.0,0,1,1.0,1953.65,2,3
2406,0,30.0,0,2,1.0,2420.9,2,3
2407,1,78.0,0,2,1.0,618.76,3,1
2408,0,50.0,0,1,1.0,1425.18,2,2
2409,1,62.0,0,1,1.0,2689.46,3,3
2410,0,44.0,0,2,1.0,1074.84,2,2
2411,0,51.0,1,2,1.0,1481.45,2,2
2412,1,73.0,0,1,1.0,1651.44,3,3
2413,0,46.63765182186235,1,2,0.0,619.99,2,1
2414,0,53.0,1,2,1.0,2722.98,2,3
2415,1,40.0,0,2,0.0,674.2,2,1
2416,0,46.0,0,1,0.0,1091.24,2,2
2417,0,47.0,0,2,0.6521001272804412,941.84,2,1
2418,1,36.0,0,2,1.0,669.75,2,1
2419,1,50.0,0,4,1.0,1784.85,2,3
2420,0,37.0,1,1,0.0,807.37,2,1
2421,1,15.0,0,1,1.0,174.07,1,1
2422,0,62.0,1,2,0.0,1088.12,3,2
2423,0,27.0,1,2,1.0,1418.4225770925111,2,2
2424,0,66.0,0,1,0.0,1124.83,3,2
2425,0,73.0,0,1,1.0,2907.43,3,3
2426,0,75.0,0,2,1.0,1764.37,3,3
2427,1,49.0,1,1,1.0,1219.29,2,2
2428,0,71.0,1,3,0.0,1418.4225770925111,3,2
2429,0,40.0,0,4,1.0,1796.43,2,3
2430,1,43.0,0,2,1.0,2644.14,2,3
2431,1,67.0,1,2,1.0,1418.4225770925111,3,2
2432,1,62.0,0,2,0.0,687.47,3,1
2433,1,53.0,1,2,1.0,173.57,2,1
2434,0,57.0,1,2,1.0,357.74,2,1
2435,0,41.0,1,2,1.0,1026.02,2,2
2436,0,18.0,1,1,1.0,1418.4225770925111,2,2
2437,0,42.0,1,2,0.0,1418.4225770925111,2,2
2438,1,20.0,0,3,0.0,2868.4,2,3
2439,0,73.0,0,2,0.0,2005.84,3,3
2440,0,18.0,0,3,1.0,2777.01,2,3
2441,1,18.0,1,1,0.0,289.85,2,1
2442,0,66.0,1,2,1.0,1418.4225770925111,3,2
2443,1,60.0,0,1,1.0,1418.4225770925111,3,2
2444,0,50.0,0,3,1.0,1979.94,2,3
2445,0,72.0,0,3,1.0,2982.88,3,3
2446,0,24.0,0,2,0.0,818.91,2,1
2447,1,73.0,0,1,1.0,2951.76,3,3
2448,1,57.0,0,2,1.0,739.38,2,1
2449,0,46.63765182186235,0,3,0.0,1251.45,2,2
2450,0,66.0,0,2,0.0,904.6,3,1
2451,1,51.0,0,2,0.0,1788.5,2,3
2452,1,51.0,0,1,0.0,820.66,2,1
2453,1,52.0,1,2,1.0,334.58,2,1
2454,0,57.0,0,2,1.0,1241.85,2,2
2455,1,71.0,1,2,1.0,2532.24,3,3
2456,0,30.0,0,1,0.0,666.29,2,1
2457,0,70.0,0,1,0.0,1418.4225770925111,3,2
2458,0,33.0,0,1,1.0,721.36,2,1
2459,0,24.0,1,1,1.0,830.59,2,1
2460,1,59.0,0,2,1.0,2654.78,2,3
2461,1,15.0,1,2,1.0,2901.98,1,3
2462,1,25.0,0,2,0.0,2013.54,2,3
2463,0,58.0,1,1,1.0,1180.5,2,2
2464,0,34.0,0,1,0.0,2914.9,2,3
2465,1,25.0,0,1,1.0,1367.59,2,2
2466,0,76.0,0,1,1.0,2885.52,3,3
2467,1,43.0,1,3,1.0,1606.12,2,3
2468,0,73.0,0,1,1.0,2.09,3,1
2469,0,25.0,0,2,1.0,2891.3,2,3
2470,0,28.0,0,2,1.0,519.54,2,1
2471,1,71.0,1,1,1.0,712.46,3,1
2472,0,16.0,1,3,0.6521001272804412,2027.31,1,3
2473,0,39.0,0,1,1.0,869.08,2,1
2474,1,15.0,0,1,1.0,1285.46,1,2
2475,0,25.0,0,3,1.0,719.54,2,1
2476,1,67.0,1,3,1.0,1418.4225770925111,3,2
2477,0,52.0,0,1,0.0,2941.86,2,3
2478,1,32.0,0,2,1.0,2513.86,2,3
2479,1,72.0,0,2,1.0,84.5,3,1
2480,1,61.0,1,1,0.0,1814.01,3,3
2481,0,75.0,0,1,0.0,1737.2,3,3
2482,0,77.0,0,2,1.0,1418.4225770925111,3,2
2483,1,73.0,1,2,1.0,1377.94,3,2
2484,1,65.0,1,1,1.0,1418.4225770925111,3,2
2485,0,70.0,0,4,0.0,2560.79,3,3
2486,0,68.0,0,2,0.0,2826.42,3,3
2487,1,77.0,0,2,0.0,1344.94,3,2
2488,1,73.0,1,1,1.0,2006.96,3,3
2489,0,77.0,0,2,0.6521001272804412,1524.83,3,2
2490,0,50.0,0,3,1.0,1453.75,2,2
2491,1,75.0,0,2,1.0,1820.38,3,3
2492,0,33.0,0,1,1.0,716.58,2,1
2493,1,32.0,0,3,1.0,332.79,2,1
2494,1,56.0,0,2,1.0,1888.91,2,3
2495,0,20.0,0,1,0.0,1418.4225770925111,2,2
2496,0,33.0,0,2,0.0,1418.4225770925111,2,2
2497,0,72.0,0,1,0.0,982.08,3,1
2498,0,55.0,1,4,0.0,1553.61,2,3
2499,1,33.0,0,1,1.0,2482.85,2,3
2500,0,73.0,0,1,1.0,176.26,3,1
2501,0,65.0,1,4,1.0,1418.4225770925111,3,2
2502,1,16.0,1,3,0.0,1171.23,1,2
2503,1,67.0,1,1,0.0,511.5,3,1
2504,1,34.0,0,3,1.0,1691.57,2,3
2505,1,54.0,0,1,0.0,266.61,2,1
2506,1,34.0,1,1,1.0,286.82,2,1
2507,0,57.0,1,3,0.0,150.1,2,1
2508,0,36.0,0,3,1.0,708.88,2,1
2509,1,22.0,1,2,1.0,2030.07,2,3
2510,0,44.0,1,1,0.0,1909.77,2,3
2511,1,48.0,1,2,1.0,1073.15,2,2
